name,screen_name,statuses_count,followers_count,friends_count,favourites_count,listed_count,geo_enabled,profile_use_background_image,profile_background_tile,Target
16,6,20370,5470,2385,145,52,0,1,0,1
14,5,3131,506,381,9,40,0,1,0,1
6,7,4024,264,87,323,16,0,1,1,1
8,8,40586,640,622,1118,32,1,1,0,1
6,10,2016,62,64,13,0,1,1,0,1
16,8,3603,138,179,53,1,1,1,1,1
4,4,1183,128,168,2,5,1,1,1,1
4,6,6194,1062,1770,597,5,1,1,0,1
16,15,10962,23368,958,590,715,1,0,0,1
14,14,10947,760,712,693,27,1,0,1,1
15,14,2754,477,218,224,13,1,1,0,1
7,7,26713,1390,1177,914,68,1,0,0,1
16,8,4111,314,338,47,8,1,1,1,1
15,15,1441,97,203,25,2,1,1,1,1
8,8,1698,289,1930,45,3,0,1,0,1
17,6,402,93,78,36,4,0,1,0,1
11,9,16935,2242,918,44,124,1,1,1,1
8,10,9437,689,891,199,37,1,1,0,1
10,10,3742,505,571,100,3,0,1,1,1
19,11,770,81,181,89,2,1,1,1,1
10,12,1430,128,371,204,1,0,1,0,1
14,4,6996,899,305,346,28,1,1,0,1
15,15,3284,375,1039,1,8,0,1,1,1
6,10,160,46,146,22,0,1,1,0,1
14,7,292,57,110,5,0,1,1,0,1
7,7,5876,616,647,1061,29,1,1,0,1
13,12,7534,1132,1096,6,52,1,1,0,1
4,7,1294,254,276,89,8,1,1,1,1
14,8,6340,298,419,5,15,1,1,0,1
17,8,5472,6352,3873,65,11,1,1,1,1
7,7,22540,2065,1125,0,64,1,1,0,1
17,5,732,85,338,16,3,1,1,0,1
12,8,38781,623,323,1209,22,1,1,0,1
13,13,10451,1265,323,38,24,1,1,0,1
11,11,2784,256,873,284,2,0,1,0,1
14,12,823,43,109,5,1,0,1,0,1
7,7,442,79,259,0,3,0,1,0,1
14,8,350,86,131,116,3,1,1,1,1
8,8,3694,393,1047,6,8,0,1,1,1
7,8,9686,208,196,219,4,1,1,0,1
15,9,16427,555,755,8,18,1,1,0,1
12,6,1006,85,121,19,1,1,1,0,1
8,7,1122,300,951,8,6,1,1,0,1
7,10,1386,88,267,106,0,1,1,1,1
14,6,18267,1964,2003,22732,4,1,1,1,1
17,15,15365,3813,1505,550,63,1,1,1,1
15,7,2242,552,1446,13,8,1,1,0,1
8,9,4149,279,64,20,22,0,1,0,1
14,13,8384,2526,299,1178,41,1,1,1,1
13,13,612,100,259,24,2,1,1,1,1
8,7,660,126,407,0,0,1,0,0,1
13,14,5287,849,1846,117,3,0,1,1,1
12,11,2275,165,285,181,4,0,1,1,1
6,9,3551,87,174,7,2,1,1,1,1
15,14,282,12,36,6,0,0,1,1,1
15,9,493,47,80,24,0,1,1,0,1
15,13,1012,283,268,15,3,0,1,1,1
16,8,1706,134,257,0,2,0,0,0,1
19,10,103,45,66,0,0,0,1,1,1
16,9,189,35,178,6,0,0,1,1,1
19,6,3720,179,154,6,2,0,1,0,1
14,13,1566,110,295,71,1,1,1,0,1
11,10,1672,627,1089,11,4,0,1,0,1
14,10,969,69,210,233,1,1,1,0,1
5,7,7307,378,239,2620,30,1,1,0,1
17,9,4240,1012,1449,578,25,1,1,0,1
14,13,74,16,42,88,0,0,1,0,1
13,10,6866,463,330,2180,5,1,1,1,1
8,13,31546,151,301,294,2,0,1,1,1
16,8,966,69,318,3,0,1,1,1,1
9,8,28808,2638,1743,1021,39,0,1,1,1
15,14,386,88,205,25,1,1,0,0,1
16,10,3763,1169,1642,32,7,1,1,1,1
16,9,522,319,793,10,11,1,1,0,1
12,10,30547,445,489,304,16,0,1,0,1
17,12,6175,362,318,181,11,0,1,0,1
9,9,348,262,1513,28,1,1,1,0,1
12,12,484,232,431,10,0,0,1,0,1
10,11,2190,46,122,15,0,0,1,1,1
13,9,116,22,49,16,0,0,1,0,1
13,5,482,26,73,5,0,0,1,0,1
3,11,344,49,20,37,0,1,1,0,1
16,10,1805,258,191,4,14,1,1,0,1
16,8,748,85,460,80,1,1,1,1,1
9,9,34917,1161,194,2,28,0,1,0,1
18,8,3397,173,390,3,2,0,1,1,1
15,9,5561,587,295,4,9,1,1,1,1
16,14,3526,257,473,8,1,1,0,0,1
16,15,371,413,70,9,6,0,1,1,1
15,14,1361,149,463,289,2,0,1,1,1
17,15,887,280,502,13,1,1,1,0,1
14,14,3276,125,549,224,2,1,1,1,1
11,10,971,48,112,8,1,1,1,0,1
16,15,8173,231,433,413,3,1,1,0,1
17,11,728,120,406,16,1,1,1,1,1
14,11,350,46,115,240,1,0,1,0,1
10,10,9626,508,1153,3819,0,1,1,1,1
19,11,4736,414,1196,166,2,1,1,0,1
17,7,732,191,656,1,1,1,1,0,1
11,9,516,46,96,28,0,1,1,0,1
9,13,8635,1707,1376,3266,67,0,1,0,1
15,11,2935,184,302,1,5,1,1,0,1
13,12,1030,369,202,1,13,1,1,0,1
16,8,2035,209,168,216,2,1,1,0,1
7,9,3152,162,352,23,7,0,1,0,1
8,7,6131,488,366,1058,10,0,1,0,1
11,10,3902,290,347,918,12,0,1,0,1
20,8,4357,231,152,90,0,1,1,1,1
20,13,18810,685,688,12,29,0,1,0,1
15,14,3302,370,934,103,7,1,1,0,1
9,6,160,23,227,1,0,0,0,1,1
5,7,6002,272,336,0,15,1,1,1,1
15,7,1781,105,427,234,0,0,1,1,1
17,7,1184,75,138,0,0,1,1,1,1
9,8,13159,501,697,79,11,1,1,0,1
17,7,280,50,1273,8,1,0,1,0,1
18,9,5237,245,241,115,4,0,1,0,1
17,11,611,87,173,1,1,1,1,0,1
18,7,835,111,768,36,0,0,1,0,1
6,8,1187,44,136,19,1,1,1,0,1
4,7,2185,74,345,32,1,0,1,0,1
16,15,148,249,548,1,1,1,1,1,1
16,15,1073,89,237,53,1,1,1,1,1
13,13,127,23,152,1,0,0,1,0,1
13,12,1601,147,405,9,3,1,1,1,1
13,11,704,129,380,12,0,0,1,0,1
15,14,57,76,650,0,0,0,1,0,1
16,12,552,80,290,11,1,1,1,0,1
17,12,4862,116,160,98,2,1,1,0,1
13,8,1652,412,1974,4,3,1,1,0,1
7,12,1786,63,185,342,2,1,1,1,1
12,12,238,45,99,39,0,0,1,0,1
17,14,764,99,226,22,0,1,1,0,1
10,9,5745,641,1221,95,5,1,1,0,1
15,7,2703,170,635,4,0,0,1,1,1
17,11,2683,57,215,82,0,1,1,0,1
17,11,2064,238,590,26,5,1,1,1,1
11,11,709,116,112,124,2,1,1,1,1
13,12,2893,160,227,71,4,1,1,0,1
8,7,1425,83,70,616,1,0,1,0,1
17,15,246,333,1598,10,0,0,1,1,1
15,7,519,139,454,17,3,0,1,0,1
16,15,1876,120,146,112,0,1,1,0,1
14,6,13774,254,192,520,5,1,0,0,1
15,12,16195,5027,5530,6698,73,1,1,0,1
3,8,3885,2812,1988,966,45,1,1,0,1
8,7,9147,100,162,369,4,1,1,1,1
16,10,80,54,187,46,1,1,1,0,1
12,11,684,65,281,1,0,1,1,0,1
18,10,351,28,76,3,1,0,1,1,1
1,7,6351,98,75,127,4,1,1,0,1
19,9,9372,179,723,87,0,0,1,0,1
16,15,537,117,552,4,1,1,1,1,1
9,9,446,84,418,4,1,0,1,0,1
12,15,5999,258,770,14,2,1,1,1,1
12,11,11156,148,104,18,5,1,1,1,1
17,15,139,53,53,0,1,1,1,0,1
7,9,567,77,171,6,0,0,1,0,1
15,10,77,14,18,1,1,1,1,0,1
20,11,235,78,152,55,0,1,1,0,1
19,7,25575,1672,802,2329,52,1,1,0,1
7,13,120,62,183,27,0,0,1,1,1
5,11,1130,88,111,97,4,1,1,0,1
7,12,79876,473,299,203,16,0,1,1,1
17,7,613,46,105,46,0,1,1,0,1
9,10,4288,126,199,5,1,1,1,0,1
20,9,3896,369,250,20,10,0,1,0,1
10,8,44,4,12,1,1,1,1,0,1
14,10,2277,150,536,33,5,1,1,0,1
7,10,326,444,620,1524,1,1,1,1,1
16,11,3730,220,282,34,6,1,1,1,1
9,15,2060,100,164,19,0,1,1,1,1
18,7,787,63,161,43,1,0,1,0,1
13,8,640,77,227,13,1,1,0,0,1
20,13,2475,207,356,38,1,1,1,0,1
19,12,1334,94,338,97,0,1,1,1,1
17,7,1349,161,546,1609,5,0,1,1,1
15,12,1533,96,168,46,0,1,1,1,1
16,15,413,42,275,42,0,0,1,0,1
7,10,2185,64,262,173,0,0,1,0,1
20,9,8713,563,774,6688,11,1,1,1,1
12,7,650,95,139,2,0,0,1,0,1
19,9,2617,128,324,63,3,1,1,1,1
16,12,268,120,429,76,0,1,1,1,1
14,10,1110,179,2000,0,1,1,1,0,1
7,7,4707,1772,1771,23,8,0,1,0,1
16,14,1447,252,667,2,2,1,1,1,1
15,6,3020,516,443,225,3,0,1,0,1
16,15,302,56,156,12,4,1,1,0,1
10,12,1809,102,392,18,1,1,1,0,1
13,12,271,21,63,8,1,1,1,0,1
16,8,8890,189,283,176,2,0,1,0,1
8,12,13300,238,158,1905,5,1,1,1,1
7,8,6212,369,198,103,5,0,1,1,1
19,11,1570,243,761,388,9,1,1,1,1
9,7,1111,84,601,0,3,1,1,0,1
12,11,4812,575,860,30,18,0,1,0,1
18,10,34098,13890,12773,85,486,1,1,0,1
13,12,6273,588,868,16,9,1,1,1,1
13,9,183,17,78,3,1,1,1,0,1
8,7,8387,214,314,3049,11,0,1,0,1
7,7,1373,281,405,127,3,1,1,0,1
15,8,33,20,95,0,0,0,1,0,1
18,13,2636,54,100,0,0,1,1,1,1
15,13,3199,111,216,289,7,1,1,0,1
15,14,16037,635,320,86,16,0,1,0,1
8,10,5756,554,1853,32,10,0,1,0,1
14,12,4712,469,1988,98,5,1,1,1,1
9,7,1497,153,308,121,3,0,1,1,1
17,8,1959,289,364,56,1,1,1,1,1
7,7,7838,213,506,180,9,1,1,1,1
21,10,1476,125,187,0,0,1,1,0,1
18,14,5367,409,1159,27,25,1,1,1,1
5,9,1407,263,414,72,4,0,0,1,1
12,8,873,122,427,33,2,1,1,0,1
8,8,2396,46,68,154,0,1,0,0,1
17,8,1913,151,1172,171,0,1,1,1,1
17,8,96,23,60,1,0,0,0,0,1
18,13,540,116,220,45,1,0,1,0,1
15,15,21069,2221,1636,944,26,0,1,1,1
11,12,6256,517,34,264,3,0,1,1,1
12,13,4043,126,126,98,1,1,1,1,1
12,8,6213,245,153,0,11,1,1,1,1
18,10,4418,111,282,146,1,1,1,0,1
13,6,478,34,77,2,0,1,1,1,1
8,5,6631,292,611,66,3,1,1,0,1
11,15,93,18,186,28,0,0,1,0,1
13,12,802,44,63,29,0,1,1,0,1
7,7,315,44,138,9,0,1,1,0,1
8,12,831,75,217,519,0,0,1,1,1
12,12,277,35,139,0,1,1,1,1,1
14,12,4082,244,294,257,0,1,1,0,1
13,10,334,21,368,3,0,0,1,0,1
17,5,299,29,28,3,0,1,1,0,1
20,15,319,40,53,1,0,1,1,0,1
15,13,549,123,213,2,0,1,1,1,1
14,15,618,22,125,207,0,1,1,1,1
5,10,421,48,96,1,0,0,1,1,1
15,8,1205,233,40,29,1,1,1,0,1
16,9,1667,408372,194,4,744,0,1,0,1
19,12,9057,504,401,3891,9,1,1,1,1
8,10,294,30,96,4,0,0,1,0,1
8,15,294,42,81,13,0,1,1,1,1
15,14,508,479,261,0,17,1,1,0,1
10,14,4476,612,257,267,35,1,0,0,1
20,12,1132,131,193,4,1,1,1,0,1
16,8,364,74,182,4,1,0,1,0,1
17,5,1181,55,271,6,0,0,0,0,1
16,9,360,95,213,1,0,1,1,1,1
18,7,28,19,253,12,0,1,1,0,1
13,10,159,27,255,2,0,0,1,0,1
9,8,649,68,178,60,1,1,1,0,1
19,12,2264,169,1021,30,2,1,1,0,1
11,12,67,15,76,0,0,1,1,1,1
18,10,3833,111,216,0,1,1,1,1,1
8,9,76,30,96,8,0,0,1,1,1
18,5,495,34,68,5,0,0,1,0,1
15,14,2349,76,377,8,0,1,1,0,1
18,9,10619,11089,565,776,245,1,1,1,1
12,11,820,227,521,20,5,0,0,0,1
20,9,758,102,254,2,2,1,1,0,1
17,9,1065,144,543,156,0,0,1,0,1
17,11,380,65,186,1,0,1,0,0,1
11,9,9971,1271,619,10146,15,1,1,0,1
12,10,117,53,56,1,2,0,1,0,1
6,10,14467,1612,1581,431,10,0,1,0,1
11,9,1869,95,135,42,0,1,1,0,1
10,10,504,133,270,1,3,0,1,0,1
17,13,360,190,620,12,0,1,1,0,1
12,10,2620,357,826,17,1,1,1,1,1
10,10,3461,239,348,458,4,0,1,0,1
15,9,9966,115,454,60,10,0,1,0,1
10,13,2765,2698,261,56,159,0,1,0,1
10,10,24057,1076,840,69,36,1,1,0,1
15,7,30909,2818,3032,1981,87,1,1,0,1
15,15,2685,68,258,585,1,0,1,1,1
19,8,161,72,14,3,2,1,1,0,1
16,6,2656,95,174,224,3,1,1,1,1
4,5,16955,3286,2743,2,87,0,1,0,1
12,12,4067,777,1995,347,22,0,1,0,1
6,8,4190,140,190,46,0,1,1,0,1
15,14,14246,932,781,4047,30,1,1,0,1
13,8,594,44,91,0,0,0,1,0,1
15,14,360,81,182,78,0,1,1,1,1
7,11,707,27,59,1,1,0,1,0,1
18,9,444,125,452,16,4,0,1,0,1
7,7,15131,2107,1898,1170,28,0,1,0,1
11,13,5936,200,461,81,4,1,1,1,1
2,11,540,57,104,14,0,0,1,0,1
14,8,889,201,500,7,5,1,1,0,1
10,10,3980,625,268,267,8,0,1,0,1
9,11,5558,872,625,3146,7,0,1,0,1
20,13,1656,126,650,20,0,0,1,1,1
15,15,3139,237,487,32,7,1,1,0,1
11,7,5660,554,937,6,23,1,1,1,1
13,13,476,347,431,4,8,0,1,1,1
17,7,63,10,41,10,0,0,1,0,1
12,7,621,25,135,2,0,1,1,0,1
11,12,160,53,487,1,1,0,1,0,1
10,5,9410,577,776,448,7,1,1,1,1
17,13,777,87,305,0,2,1,1,0,1
14,10,10378,286,538,321,3,0,1,0,1
14,14,622,49,218,7,1,0,1,0,1
18,8,1550,235,533,5,3,1,1,0,1
19,5,6634,326,423,136,1,1,1,1,1
7,15,112,154,257,0,1,0,1,1,1
7,9,1671,86,80,50,2,0,1,1,1
7,12,887,547,1416,179,2,1,1,1,1
13,10,36944,582,437,702,10,1,0,0,1
16,6,200,43,203,2,2,0,1,0,1
15,13,104,63,295,0,1,0,1,0,1
12,8,101,22,29,3,0,1,1,0,1
6,7,1358,119,626,136,0,1,1,1,1
17,8,288,11,68,9,0,0,1,0,1
12,13,883,1047,1516,7,10,0,1,1,1
10,12,8662,172,115,31,1,1,1,1,1
19,11,1352,1403,1442,287,6,1,1,0,1
6,6,639,136,471,12,1,1,1,1,1
17,12,441,36,166,0,0,0,1,0,1
14,15,5369,300,102,28,3,1,1,0,1
5,8,30010,478,261,659,13,1,0,0,1
7,10,3366,78,215,6,0,0,1,1,1
7,7,1529,315,706,1409,1,0,1,1,1
15,14,2212,117,287,2,2,0,1,0,1
15,10,252,53,411,6,0,1,1,1,1
6,10,272,106,232,106,0,0,1,0,1
20,13,3088,221,561,723,0,1,1,0,1
20,8,629,61,179,236,1,1,1,0,1
15,15,3134,162,369,422,5,1,1,0,1
8,14,4145,3137,142,24,58,1,1,1,1
6,8,236,71,109,225,0,1,1,0,1
15,15,520,101,286,98,1,0,1,1,1
7,15,9824,195,117,102,8,1,1,0,1
17,14,493,300,310,3,6,1,1,0,1
7,7,6475,438,938,983,3,0,1,0,1
7,12,137,13,48,4,0,1,1,0,1
17,13,1257,160,243,259,1,0,1,0,1
14,8,5671,210,235,161,3,1,1,0,1
13,8,1149,45,85,19,0,1,1,0,1
11,14,4323,80,40,99,2,1,1,1,1
17,12,1063,88,228,35,1,1,1,0,1
19,13,106,74,334,0,0,0,1,0,1
3,9,1368,252,627,98,1,1,1,1,1
12,11,770,42,149,28,0,1,1,0,1
15,15,5755,201,165,3,0,1,1,1,1
3,8,3907,315,460,31,5,1,1,0,1
10,12,1465,61,158,38,2,1,1,0,1
5,7,3653,84,118,23,0,1,1,0,1
18,12,3569,127,290,4,3,1,1,1,1
6,8,8707,1053,448,400,30,0,0,0,1
11,12,1254,54,219,2,0,1,1,1,1
16,10,257,43,64,15,0,1,1,1,1
13,12,3204,120,253,4,0,1,1,1,1
6,13,1875,97,198,525,0,1,1,0,1
11,10,1287,22,105,4,0,1,1,0,1
15,13,6793,210,175,23,2,0,1,1,1
7,15,431,29,195,12,0,1,1,0,1
5,8,32223,4053,956,3025,54,0,1,0,1
15,13,107,89,81,4,0,1,1,0,1
13,8,8679,274,251,257,37,1,1,0,1
16,15,5707,281,259,2535,1,0,1,0,1
14,13,485,423,400,0,1,1,1,0,1
20,12,834,102,252,15,0,1,1,0,1
20,13,666,33,135,1,0,1,1,1,1
16,13,6812,163,445,253,2,1,1,0,1
17,9,1462,68,96,6,0,0,1,0,1
17,8,746,61,203,9,0,0,1,0,1
8,9,28833,329,588,61,11,1,1,1,1
14,9,1583,46,98,3756,2,1,1,0,1
13,10,572,133,209,37,0,1,0,0,1
6,8,2917,395,700,12,8,0,1,0,1
10,14,12381,297,215,259,3,1,1,1,1
6,9,5299,1218,554,13,18,1,1,0,1
4,10,2511,66,58,0,0,0,1,0,1
6,11,9,19,139,3,0,1,1,0,1
14,14,154,45,94,6,0,1,1,0,1
16,14,861,32,93,2,1,0,1,0,1
13,12,716,149,428,109,0,0,1,1,1
10,15,4428,1228,970,934,4,0,1,0,1
13,13,9115,464,410,3531,9,1,1,0,1
16,9,259,97,126,53,0,0,1,0,1
19,12,18470,1341,2002,4279,7,1,1,1,1
5,15,2493,275,549,8,0,0,1,1,1
9,11,1549,92,469,399,0,1,1,1,1
6,12,47918,3074,1686,434,42,0,1,1,1
18,6,280,117,184,4,1,0,1,1,1
20,10,12834,678,337,1903,12,1,1,0,1
20,12,1172,206,341,77,1,0,1,0,1
13,15,32448,1330,1609,834,23,1,1,0,1
5,7,144,58,194,67,0,1,0,1,1
17,9,4392,418,1020,6,1,0,1,1,1
18,9,3450,127,123,11,3,0,1,1,1
15,14,691,61,153,34,0,1,1,0,1
14,14,6554,411,560,637,10,1,1,1,1
18,5,1824,156,91,57,4,0,1,0,1
10,10,3110,128,178,63,2,1,1,0,1
20,10,922,174,383,67,0,1,1,1,1
12,7,15703,337,321,123,4,0,1,1,1
20,13,185,128,487,121,2,1,1,0,1
10,9,117,20,92,2,0,1,1,0,1
5,11,2630,44,133,16,1,0,1,0,1
8,5,3800,110,270,251,1,1,1,1,1
14,9,1535,56,158,96,1,1,1,0,1
15,6,363,35,236,11,0,0,1,0,1
13,13,3597,111,209,1,1,1,1,0,1
12,11,471,87,361,3,1,1,1,1,1
15,11,450,46,205,6,1,1,0,0,1
18,15,1359,1084,410,11,19,0,1,1,1
18,11,178,70,176,20,1,1,1,0,1
20,7,604,80,206,0,0,1,1,0,1
20,11,5811,1578,332,11,35,0,1,0,1
15,15,733,104,268,1,1,0,1,0,1
18,10,108,104,81,31,1,0,1,0,1
14,14,274,20,80,4,0,0,1,1,1
16,13,11114,737,1968,437,2,1,1,0,1
14,13,568,158,209,19,2,0,1,1,1
14,13,165,45,179,0,0,0,1,0,1
14,13,4837,222,338,5,0,0,1,0,1
11,13,5217,254,170,67,3,0,1,1,1
19,8,30,9,37,0,0,1,1,0,1
13,14,2894,80,145,10,1,1,1,1,1
13,10,4140,205,770,10,1,0,1,0,1
1,7,324,82,128,8,0,0,1,1,1
8,8,5315,219,383,186,3,1,1,1,1
11,10,593,193,879,16,0,1,1,0,1
15,15,18860,1377,693,646,50,1,1,0,1
15,8,1806,193,117,393,1,1,1,1,1
6,8,1096,45,289,84,0,1,1,1,1
20,8,759,286,1625,2,1,1,1,1,1
18,11,5311,1249,886,296,37,0,1,0,1
15,13,903,126,273,6,1,0,1,0,1
13,9,360,14,38,4,0,0,1,0,1
4,6,7227,786,834,2356,9,0,1,0,1
2,10,19620,1084,899,38,26,1,1,1,1
9,15,595,102,219,19,2,1,1,0,1
13,12,1215,105,547,14,0,0,1,0,1
17,15,634,430,546,5,3,1,1,0,1
12,6,2941,1230,1428,40,54,0,1,0,1
17,9,3784,336,787,173,3,0,1,0,1
17,10,185,12,66,4,0,1,1,0,1
12,15,288,42,148,21,3,1,1,1,1
14,13,440,58,256,1,1,1,1,0,1
15,8,1799,97,348,36,1,1,1,0,1
15,9,1200,4878,5335,2899,13,0,1,0,1
11,11,1336,152,193,355,0,1,0,1,1
12,11,648,95,89,59,3,1,1,0,1
16,10,225,77,178,219,1,1,1,1,1
11,9,276,87,171,40,1,0,1,0,1
17,8,892,37,660,1,0,0,1,0,1
17,11,4775,209,1163,8,2,1,1,1,1
11,10,446,111,528,15,0,1,0,0,1
12,13,1580,834,993,53,2,0,1,0,1
16,7,2541,143,276,231,3,1,1,0,1
16,8,205,41,175,3,0,1,1,0,1
7,7,982,75,290,89,0,1,1,0,1
16,15,630,86,185,1,2,1,1,0,1
14,9,512,99,163,25,0,1,1,0,1
7,7,6566,313,646,135,8,0,1,0,1
14,13,16432,1119,1529,2215,13,1,1,1,1
11,12,16490,260,350,1492,2,1,1,0,1
20,7,26,11,93,2,0,0,1,1,1
13,14,9317,161,195,2,3,0,1,0,1
17,10,891,68,267,5,1,1,1,0,1
19,15,1325,107,98,263,0,1,1,0,1
14,13,2186,193,320,24,1,1,1,0,1
14,8,1924,62,157,426,1,1,1,0,1
9,9,189,27,54,17,0,1,1,1,1
10,15,3316,378,662,3,4,0,1,1,1
5,13,10677,2436,1978,1204,10,1,1,1,1
14,8,1080,79,360,10,0,1,1,0,1
15,8,1828,129,340,15,0,0,1,0,1
11,6,798,29,105,3,0,0,1,0,1
10,14,642,68,122,190,0,0,1,0,1
18,7,2818,101,229,557,0,1,1,0,1
28,11,1260,105,230,25,1,1,1,0,1
14,6,4279,132,892,6,2,1,1,1,1
11,10,49,166,417,6,3,0,1,0,1
17,13,362,72,112,1,0,0,1,0,1
20,6,3427,396,962,13,5,1,1,0,1
17,15,52,24,137,0,0,1,1,0,1
20,10,24423,1057,1433,1834,16,1,1,1,1
17,11,1670,257,1462,145,2,1,1,0,1
7,6,1206,80,346,14,0,0,1,0,1
15,13,2161,150,137,266,1,1,1,1,1
11,12,518,148,488,17,0,1,1,0,1
16,8,1379,66,662,236,0,1,1,0,1
9,9,3332,269,253,281,1,1,1,1,1
17,6,4235,111,163,47,2,1,1,0,1
9,13,1075,75,160,163,0,1,1,1,1
14,10,438,35,316,2,0,1,1,0,1
20,9,103,14,50,0,0,0,1,0,1
13,7,2053,597,1994,19,4,1,1,0,1
9,12,639,48,123,1,1,1,1,0,1
8,15,3863,102,90,457,1,1,1,0,1
15,8,1573,54,109,37,1,1,1,0,1
20,12,506,20,22,6,0,1,1,0,1
14,9,1823,118,275,42,5,0,1,1,1
7,6,1598,39,74,16,2,0,1,0,1
8,10,768,68,143,60,0,0,1,1,1
16,7,1350,64,427,767,0,1,1,0,1
15,9,2386,338,400,810,6,1,1,1,1
14,8,741,311,904,62,3,0,1,1,1
13,7,217,47,73,216,0,0,1,1,1
12,9,1550,256,490,176,0,1,1,0,1
20,12,438,23,106,3,0,0,1,0,1
6,8,2074,94,361,216,0,1,1,0,1
6,8,1188,65,235,1,1,1,1,0,1
9,11,2698,136,222,159,0,1,1,0,1
8,14,1347,70,255,6,0,1,1,0,1
12,11,1148,141,599,20,2,1,1,1,1
15,13,3511,156,516,87,1,0,1,1,1
6,6,3693,172,370,105,0,0,1,0,1
9,8,9950,658,701,18,11,0,1,1,1
17,14,15238,516,801,30,3,1,1,0,1
10,12,195,19,53,58,0,0,1,0,1
9,10,3053,155,285,390,0,1,1,0,1
8,7,1086,141,249,1015,3,0,1,0,1
10,9,977,70,202,138,1,1,1,0,1
20,14,2846,289,201,61,9,1,1,1,1
13,12,948,66,236,0,1,1,1,0,1
15,5,3134,191,778,80,2,1,1,1,1
17,11,2171,189,313,148,0,0,1,1,1
13,8,1583,230,273,417,1,1,1,1,1
14,9,69,40,56,0,0,0,1,0,1
16,11,2177,88,281,437,1,1,1,1,1
16,14,1848,778,1999,0,3,0,1,1,1
17,8,2230,93,159,401,3,1,0,1,1
5,14,165,30,314,1,0,0,1,0,1
14,7,17681,937,1491,105,18,0,1,0,1
14,8,5845,611,745,547,9,1,1,0,1
14,7,3144,93,239,461,1,1,1,1,1
2,12,5544,260,522,124,1,1,0,0,1
17,15,556,237,358,38,3,0,1,0,1
18,7,660,757,263,34,22,1,0,0,1
14,15,331,95,396,8,0,0,1,0,1
15,9,4633,158,413,59,4,0,1,0,1
13,14,13511,1103,1999,1069,14,0,1,1,1
18,11,4,33,523,0,0,0,1,1,1
19,6,1420,49,97,36,0,1,1,0,1
17,9,1277,190,275,11,2,1,1,0,1
16,8,2692,591,899,43,5,1,1,0,1
17,9,2882,63,428,8,2,0,1,0,1
6,7,2500,90,137,504,1,1,1,0,1
5,7,847,49,79,2,0,1,1,0,1
2,13,19978,866,1524,580,18,1,0,0,1
14,5,668,38,71,204,0,0,1,0,1
6,10,2388,122,342,83,1,0,1,1,1
14,13,146,47,315,1,0,0,1,1,1
16,11,4542,184,204,1686,2,1,1,1,1
18,14,22679,560,661,381,7,1,1,0,1
13,9,6151,104,190,28,2,0,1,1,1
15,15,576,78,209,0,2,1,1,1,1
11,10,129,8,78,1,0,0,1,1,1
19,15,8784,353,582,37,3,1,1,0,1
12,9,2291,93,287,290,0,1,1,1,1
12,9,145,17,72,1,0,0,1,0,1
6,6,1029,207,414,0,3,1,1,0,1
20,9,16722,751,1953,1740,10,0,1,1,1
17,15,1406,319,1027,22,1,0,0,0,1
14,13,18528,852,1409,88,9,1,1,1,1
16,13,1166,82,92,511,0,0,1,0,1
13,9,3266,384,1172,39,6,1,1,0,1
9,11,507,34,88,35,0,1,1,1,1
13,12,1019,143,213,160,0,0,1,0,1
17,11,1401,203,441,275,2,1,1,0,1
14,14,203,97,255,66,3,0,1,1,1
13,12,3866,533,51,0,15,1,1,1,1
13,12,669,284,362,69,2,0,1,1,1
11,10,1128,396,1158,8,1,1,1,0,1
19,8,986,43,101,13,1,1,1,1,1
18,14,638,139,176,1,2,1,1,1,1
19,8,124,26,55,4,0,1,1,0,1
19,12,108,13,28,2,0,1,0,0,1
37,11,6532,181,237,70,1,0,1,1,1
20,11,899,77,344,0,0,1,1,1,1
16,8,1878,262,685,54,13,1,1,0,1
11,10,8639,348,491,412,5,0,1,0,1
16,14,842,77,200,3,0,1,1,1,1
11,14,1911,112,137,86,0,1,0,0,1
20,14,20,21,79,0,1,0,1,1,1
16,14,6652,383,1828,235,1,0,1,1,1
11,11,1587,57,276,84,2,0,1,0,1
12,13,24,71,259,5,18,0,1,0,1
5,12,1766,95,255,4,4,1,1,1,1
13,9,77,30,46,20,1,0,1,1,1
20,14,3119,426,653,344,1,0,1,0,1
16,12,2642,207,868,39,4,0,1,0,1
18,10,1780,62,346,274,1,1,1,0,1
17,14,293,42,139,0,0,1,1,1,1
12,12,853,62,388,38,0,1,1,0,1
5,7,1843,262,323,98,4,1,1,1,1
11,10,2222,159,227,69,0,1,1,0,1
16,15,1171,1158,550,12,18,1,0,0,1
13,12,178,40,248,24,0,1,1,0,1
14,14,2069,131,356,336,2,0,1,1,1
16,6,373,83,211,0,2,1,1,0,1
14,8,2368,78,272,40,1,1,1,0,1
10,12,825,76,396,130,0,1,1,0,1
16,10,173,12,41,2,0,0,1,0,1
6,10,530,138,429,53,0,1,1,0,1
18,7,608,76,213,1,0,0,1,0,1
18,12,266,39,180,7,0,0,1,1,1
15,13,58,29,114,52,0,0,1,0,1
16,15,1133,106,242,99,0,1,1,0,1
16,15,154,17,96,1,0,1,1,0,1
8,13,1225,60,289,66,0,0,1,0,1
7,9,998,328,1435,58,0,1,1,0,1
16,15,1280,88,613,19,0,1,1,0,1
14,14,2391,332,351,27,0,1,1,0,1
15,14,301,49,84,95,0,0,1,0,1
17,12,3098,59,165,587,0,0,1,1,1
7,8,1167,177,323,12,1,1,0,0,1
19,6,250,54,153,7,0,1,1,1,1
3,6,1681,148,232,6,0,0,1,0,1
17,14,3717,225,290,21,3,1,1,0,1
15,11,199,31,121,1,0,0,1,0,1
14,7,402,30,58,95,0,1,1,0,1
7,7,2453,333,678,1510,2,1,1,1,1
18,13,6595,51,317,0,1,1,1,0,1
17,15,219,263,1627,4,6,0,1,1,1
18,8,991,55,100,9,0,1,1,1,1
13,11,2549,138,181,519,0,1,1,1,1
17,12,344,24,99,14,0,0,1,1,1
16,9,657,55,90,1,1,0,1,1,1
16,15,2464,124,186,645,2,0,1,0,1
13,8,812,113,578,8,0,1,1,1,1
12,12,1142,176,494,3,1,0,0,0,1
18,12,399,21,80,1,0,0,1,0,1
13,12,144,121,23,0,0,0,1,0,1
8,9,2437,1594,1994,363,10,0,1,0,1
11,15,6991,1001,614,2401,6,1,1,0,1
7,12,1045,66,125,29,0,1,1,0,1
7,11,862,237,237,41,4,1,1,1,1
12,11,1181,80,279,0,1,0,1,0,1
17,6,106,27,192,7,0,1,1,0,1
19,15,17158,895,1012,157,11,0,1,1,1
13,14,2517,54,125,1,0,1,1,0,1
13,13,11092,591,723,1318,4,1,1,0,1
18,13,92,24,118,4,0,0,1,0,1
8,14,635,28,77,46,0,0,1,0,1
20,15,2417,111,21,0,0,0,1,0,1
13,13,1121,120,155,6,0,1,1,0,1
19,12,47,25,112,8,0,1,1,0,1
5,8,1421,30,84,121,0,0,1,1,1
8,9,8021,1082,1225,142,0,1,1,1,1
9,10,18427,797,925,2431,10,1,1,0,1
13,12,253,47,122,2,0,0,1,0,1
17,8,2032,184,632,14,0,1,1,1,1
16,11,231,102,203,1,1,1,1,0,1
16,11,2177,178,648,186,0,1,1,0,1
5,12,2487,196,329,588,1,0,1,1,1
16,14,248,85,401,5,0,0,1,0,1
13,12,262,71,110,5,0,0,1,0,1
15,10,992,199,297,81,1,0,1,1,1
13,9,460,99,341,15,0,1,1,0,1
14,14,1049,67,162,18,2,0,1,0,1
9,13,2130,124,643,43,0,0,1,1,1
11,9,3701,501,528,1348,2,1,0,0,1
15,14,3061,86,95,6,0,0,1,1,1
12,7,41,42,79,1,0,0,1,0,1
18,10,1396,175,327,68,4,1,1,0,1
8,12,1784,70,209,303,1,1,1,0,1
17,15,2317,378,380,100,0,1,1,0,1
15,14,764,120,269,94,2,1,0,0,1
16,15,72,21,45,0,0,0,1,0,1
17,11,155,26,51,0,0,0,1,0,1
11,8,4001,639,355,894,1,1,0,1,1
14,7,410,30,407,0,0,1,1,0,1
3,15,1448,344,548,2,6,0,1,1,1
15,14,807,99,366,147,2,0,1,1,1
6,14,411,31,139,29,1,0,1,0,1
17,12,528,822,170,5,17,0,1,0,1
13,8,184,41,140,21,0,1,1,1,1
11,11,1066,239,775,61,0,0,1,1,1
15,8,975,35,104,0,1,1,1,1,1
17,10,585,92,110,4,0,1,1,0,1
19,11,587,115,243,48,1,1,1,0,1
11,11,1034,222,389,37,1,1,1,0,1
8,8,142,3,56,1,0,0,1,0,1
13,11,5804,562,626,29,1,1,1,1,1
13,12,960,172,535,108,2,0,1,1,1
4,12,18,26,99,0,0,0,1,0,1
13,12,1747,174,307,13,1,1,1,1,1
14,13,107,56,161,2,0,1,1,0,1
6,8,1579,256,457,2046,1,1,1,0,1
5,8,2775,211,388,178,7,0,1,1,1
13,12,5351,448,1108,261,3,0,1,0,1
20,10,19775,1781,1275,3785,10,1,0,0,1
13,14,2697,282,525,16,6,1,1,0,1
15,12,1049,50,304,8,0,1,1,0,1
9,9,882,44,168,30,0,0,1,1,1
19,12,939,130,335,81,0,1,1,1,1
20,15,211,76,171,2,0,0,1,1,1
5,14,222,125,300,20,0,0,1,0,1
18,10,1066,188,227,0,2,0,1,0,1
11,10,295,96,233,6,0,0,1,1,1
12,11,444,108,497,4,0,1,1,1,1
13,15,600,77,436,47,0,0,1,0,1
17,6,1613,836,1996,10,22,1,1,1,1
9,11,1962,1419,337,5,9,1,1,1,1
17,12,358,161,700,9,2,0,1,0,1
15,14,5206,172,337,10,2,1,1,0,1
13,6,745,96,308,13,2,1,1,1,1
13,7,2226,308,816,18,1,1,1,0,1
14,15,8685,670,967,464,6,0,1,0,1
6,12,868,164,351,36,1,0,1,1,1
7,7,752,43,190,19,0,0,1,1,1
13,13,549,63,157,43,1,0,1,1,1
4,9,4212,130,75,153,0,1,1,0,1
14,7,7,4,29,0,0,0,1,0,1
17,11,3806,198,126,528,6,1,1,0,1
13,10,1292,38,101,498,0,1,1,1,1
7,8,140,13,31,1,0,1,1,0,1
17,10,497,56,242,44,0,0,1,1,1
14,8,88,20,94,1,0,1,1,0,1
17,14,7,6,54,1,0,0,1,0,1
12,11,926,57,266,139,1,1,1,1,1
18,15,1781,55,256,911,0,1,1,1,1
15,14,133,25,131,1,0,0,1,0,1
20,13,1112,130,140,11,1,1,1,0,1
13,12,1945,75,384,14,0,1,0,1,1
17,15,120,119,147,1,0,0,1,1,1
12,15,3029,200,229,1787,1,1,1,1,1
18,8,956,23,212,7,0,0,1,1,1
8,14,205,61,143,11,0,1,1,1,1
13,8,4333,320,384,1031,6,1,1,0,1
14,14,629,105,357,5,0,0,1,1,1
5,12,3551,45,29,27,2,0,1,1,1
10,8,4557,423,757,43,2,1,1,0,1
14,10,651,129,278,56,0,0,1,0,1
11,13,1183,7,87,21,0,0,1,0,1
16,11,648,53,236,11,0,1,1,0,1
19,8,708,93,308,11,0,1,1,0,1
13,12,263,79,286,11,1,0,1,0,1
16,15,680,73,222,128,0,1,1,0,1
17,8,250,17,242,0,0,0,1,0,1
12,14,4245,264,731,419,0,1,1,0,1
16,8,16601,211,172,806,0,0,1,0,1
13,8,66,2,35,0,0,0,1,1,1
12,13,3044,213,623,380,3,1,1,1,1
10,12,1552,144,302,1227,0,0,1,1,1
15,8,506,106,168,6,0,0,1,0,1
13,12,245,20,194,2,0,1,1,0,1
8,8,246,14,141,0,0,1,1,0,1
14,15,119,20,88,0,0,1,0,0,1
12,11,21,67,232,0,0,0,1,0,1
20,11,128,126,139,8366,0,0,1,0,1
11,11,1313,298,302,111,1,0,1,0,1
13,7,335,33,134,50,0,0,1,0,1
19,11,996,67,81,45,1,1,1,0,1
12,13,744,118,204,9,5,1,1,0,1
10,12,23682,419,722,17995,4,1,1,0,1
15,7,1575,148,284,389,2,1,1,0,1
13,8,122,62,93,1,1,0,1,0,1
13,8,134,32,126,32,2,0,1,1,1
15,14,210,73,93,0,0,0,1,0,1
4,11,4388,96,114,53,2,1,1,0,1
18,9,1451,183,495,8,0,1,1,1,1
14,13,1012,92,220,12,1,1,1,0,1
5,10,3177,138,158,51,0,0,1,0,1
17,9,143,75,86,50,1,1,1,0,1
12,8,10272,333,349,13,5,1,1,1,1
19,7,3506,389,909,79,3,0,1,1,1
15,11,1087,184,475,19,0,1,1,0,1
14,10,6357,215,681,1356,3,1,1,0,1
13,6,6464,2352,469,251,80,1,1,1,1
14,7,2200,80,259,2,0,0,1,0,1
15,14,479,62,127,19,0,0,1,0,1
10,10,4385,751,1474,784,4,0,1,0,1
14,14,1378,187,172,16,3,1,1,0,1
20,11,319,66,241,0,0,1,1,1,1
13,8,754,19,82,26,0,1,1,0,1
15,14,259,145,159,1,0,0,1,0,1
16,15,740,64,318,6,4,1,1,0,1
13,12,360,46,86,2,0,0,1,0,1
12,11,359,83,111,0,0,1,1,0,1
13,12,3062,583,997,163,1,0,0,0,1
13,14,751,45,89,2,0,1,1,1,1
5,10,9802,349,337,896,2,0,1,1,1
20,13,176,27,148,5,0,1,1,0,1
12,12,612,131,85,1,0,0,1,1,1
12,13,5165,425,1320,437,2,1,1,0,1
15,7,276,129,325,55,0,0,1,0,1
15,14,1127,129,509,7,0,0,1,0,1
18,8,220,26,58,9,0,1,1,0,1
14,12,1027,94,195,34,0,0,1,0,1
16,8,2994,44,169,78,1,0,1,0,1
14,14,2691,192,195,1208,1,1,1,0,1
14,13,1748,110,240,253,1,1,1,0,1
14,9,2460,358,1504,10,3,0,1,0,1
14,11,16961,358,265,2626,1,1,1,1,1
14,13,2119,310,351,276,3,0,1,0,1
10,9,4504,161,403,163,1,0,1,0,1
20,7,359,28,150,1,0,1,1,0,1
15,9,590,57,197,2,1,0,1,0,1
3,6,14170,1402,1042,2863,33,0,1,1,1
12,11,312,76,275,4,1,0,1,1,1
12,8,922,87,302,26,1,0,1,0,1
12,12,9665,730,1059,122,9,0,1,0,1
16,8,19361,474,389,14497,13,0,1,0,1
8,8,8694,349,507,15,1,0,1,0,1
17,14,393,53,356,31,0,1,1,0,1
10,8,1425,145,213,3622,0,0,1,1,1
14,14,1178,173,114,2,16,0,1,1,1
16,15,1010,182,300,205,0,1,1,0,1
19,10,347,49,287,10,0,1,1,0,1
6,7,17,22,59,2,0,0,1,0,1
13,15,163,59,128,8,0,1,1,0,1
8,14,430,64,133,191,1,0,1,0,1
9,5,229,22,107,1,0,1,1,0,1
17,9,1069,137,150,48,2,1,1,1,1
19,15,1048,27,94,17,0,1,1,0,1
8,14,128,65,141,0,1,0,1,1,1
17,12,219,45,133,0,0,0,1,1,1
17,11,55,50,192,1,0,0,1,0,1
14,13,1013,49,185,15,0,1,1,0,1
15,14,67,11,58,8,0,0,1,0,1
14,13,121,43,164,9,0,0,1,0,1
5,14,13716,1302,995,1527,5,0,1,1,1
11,11,1697,104,300,21,1,1,1,0,1
16,13,1117,45,141,9,0,1,1,0,1
12,9,199,32,29,2,1,0,1,0,1
15,13,15324,301,2001,15749,1,1,1,0,1
13,7,3839,459,486,252,0,0,1,0,1
15,9,859,39,218,1,0,0,1,0,1
7,12,467,95,299,326,1,0,1,0,1
10,10,1138,33,99,27,0,0,1,1,1
5,8,35,12,67,2,0,1,1,0,1
9,9,2571,228,513,126,2,1,1,0,1
16,15,7739,321,305,61,2,0,1,0,1
13,14,6662,141,222,134,1,0,1,1,1
14,13,1503,31,28,7,0,0,1,1,1
14,11,4840,290,343,58,2,0,1,1,1
17,9,39107,2925,2744,9395,20,0,1,0,1
14,13,9425,30425,162,157,135,0,1,0,1
17,11,409,24,65,167,0,0,1,0,1
8,13,7760,768,336,1304,18,1,1,0,1
12,8,110,56,245,0,0,0,1,0,1
12,12,2854,362,342,307,4,1,1,1,1
17,7,5703,325,474,119,1,1,1,1,1
8,14,54,35,120,7,0,0,1,0,1
12,11,239,732,1970,0,7,0,1,0,1
16,15,559,108,571,263,0,1,1,1,1
12,14,1236,437,1328,3049,0,0,1,1,1
12,10,87,19,46,66,0,1,1,0,1
8,12,2085,341,454,289,0,1,1,0,1
11,9,6124,656,241,939,1,1,1,0,1
15,11,141,78,170,17,1,1,1,1,1
16,7,1479,13,25,47,0,0,1,0,1
9,8,921,139,190,99,0,0,1,1,1
16,15,63,27,270,3,0,1,1,0,1
20,8,2036,123,189,2332,1,0,1,1,1
13,12,1621,254,562,291,7,0,1,1,1
14,13,1549,354,214,1,3,1,1,0,1
15,14,254,33,173,53,0,1,1,0,1
9,10,19025,346,356,20,10,0,1,1,1
10,10,449,41,163,3,1,0,1,1,1
10,9,22,78,103,9,1,0,1,0,1
11,10,7999,178,404,25,0,0,1,0,1
13,9,59,6,76,8,0,0,1,0,1
14,13,1157,168,175,14,1,1,1,1,1
12,10,1455,33,85,2,0,0,1,0,1
13,9,606,46,201,37,0,1,1,1,1
16,12,561,39,74,2,1,0,1,0,1
12,9,4725,287,803,197,3,0,1,0,1
13,12,235,43,182,13,0,1,1,0,1
7,7,145,37,206,50,0,0,1,0,1
12,13,1013,38,151,34,0,0,1,0,1
16,12,78,8,72,2,0,1,1,1,1
14,13,2277,85,152,7,1,0,1,0,1
15,8,511,193,362,12,2,0,1,0,1
20,13,918,85,218,149,0,0,1,1,1
14,13,819,83,189,40,1,1,1,0,1
11,10,797,526,1449,277,4,0,1,1,1
16,13,1792,209,284,62,3,0,1,0,1
12,11,763,162,266,20,4,0,1,0,1
6,12,241,35,130,5,0,1,1,0,1
17,15,197,45,89,18,16,0,1,0,1
15,9,1229,137,137,35,2,1,1,0,1
17,11,674,79,222,27,0,0,1,0,1
18,15,24,2,50,0,0,1,1,0,1
17,9,2269,699,454,50,1,1,1,1,1
20,15,1162,962,1999,95,12,0,1,1,1
14,13,210,27,64,0,0,1,1,0,1
4,10,237,50,108,234,0,0,1,0,1
15,15,1064,223,320,113,1,0,1,1,1
12,12,259,65,180,151,0,1,0,1,1
17,9,230,5,93,0,0,0,1,0,1
15,9,500,187,186,17,1,1,1,0,1
18,10,1263,53,128,89,0,0,0,0,1
11,8,574,40,147,66,1,1,1,1,1
15,14,748,252,1532,8,0,1,1,0,1
18,9,1190,88,198,43,0,1,1,0,1
8,5,478,23,101,566,0,1,1,1,1
7,13,3553,155,376,300,0,1,1,0,1
14,14,475,17,17,116,0,0,1,1,1
16,8,9,6,33,0,0,1,1,0,1
6,7,120,20,126,16,0,0,1,0,1
19,15,534,117,153,25,2,0,1,0,1
12,12,297,57,150,0,0,0,1,0,1
15,11,57,13,93,0,0,0,1,0,1
13,11,2716,284,278,1549,6,1,1,0,1
15,14,371,48,153,0,1,0,1,1,1
8,12,1771,29,228,4,0,0,1,0,1
18,15,142,9,40,2,0,1,1,1,1
6,15,1940,136,182,124,2,0,1,0,1
18,12,1095,50,115,39,0,1,1,0,1
11,8,191,109,932,246,0,0,1,0,1
18,7,342,51,205,2,0,0,1,0,1
12,14,1730,381,821,218,0,0,1,0,1
11,14,3027,190,795,176,2,1,1,0,1
15,14,1073,87,117,292,1,1,1,0,1
7,12,576,209,480,235,0,1,1,0,1
13,13,2488,98,148,145,2,0,1,0,1
18,7,380,19,30,0,0,0,1,0,1
10,9,385,39,286,0,0,0,1,0,1
12,13,145,21,85,1,0,0,1,0,1
13,9,3797,570,576,306,3,1,1,0,1
15,11,26,50,152,5,0,0,1,1,1
13,12,1058,94,257,18,2,1,1,1,1
15,14,206,42,105,35,0,0,1,0,1
19,8,622,106,203,63,4,1,1,1,1
15,13,460,41,183,16,0,0,1,0,1
11,9,5250,397,666,2843,0,1,1,0,1
16,15,456,28,127,1,2,0,1,0,1
17,10,241,21,137,8,0,0,1,0,1
13,13,1189,88,87,48,1,0,1,0,1
14,13,565,35,139,2,0,1,1,0,1
8,12,3177,94,242,7,1,0,1,1,1
12,13,164,24,137,3,0,0,1,0,1
15,15,112,12,38,111,0,1,1,1,1
9,7,33,28,168,64,0,0,1,1,1
8,14,2073,180,168,465,1,1,1,1,1
16,8,558,111,118,8,0,1,1,1,1
10,8,8966,504,570,484,4,0,1,1,1
18,9,521,170,455,2,0,0,1,0,1
15,11,123,13,129,1,0,0,1,0,1
11,9,638,215,318,0,0,1,1,0,1
5,9,216,46,47,1,0,0,1,0,1
15,7,493,34,99,65,1,0,1,0,1
16,15,395,33,97,2,0,1,1,1,1
19,9,1424,128,472,285,0,0,1,1,1
10,12,1178,41,94,17,1,0,1,0,1
19,11,5687,390,558,1046,7,1,1,1,1
17,10,85,12,28,0,0,0,1,0,1
8,10,285,55,221,10,0,0,1,0,1
13,12,221,52,353,8,0,0,0,0,1
16,15,127,79,381,18,0,1,1,0,1
20,8,45,23,65,2,0,1,1,0,1
17,15,752,39,113,0,0,0,1,0,1
14,5,1308,93,157,706,0,0,1,0,1
17,11,27,152,128,0,0,0,1,0,1
15,12,1874,69,57,306,1,0,1,0,1
14,15,486,57,170,17,2,0,1,0,1
15,7,1065,18,34,198,0,0,1,1,1
18,8,204,13,41,0,0,0,1,0,1
16,13,136,42,210,127,0,0,1,0,1
20,6,10749,262,259,198,1,0,1,1,1
4,11,440,114,69,1334,0,0,1,0,1
16,9,148,71,165,1,0,1,1,1,1
15,10,437,75,117,47,4,0,1,0,1
17,12,331,1306,1281,46,4,0,1,1,1
16,15,827,161,309,452,0,1,1,0,1
5,10,1201,103,182,5,0,0,1,0,1
14,11,88,16,121,0,0,0,1,0,1
17,15,6378,1531,1991,0,22,0,0,0,1
19,10,10320,1031,1109,1611,4,1,1,1,1
15,15,114,144,178,0,1,0,1,0,1
10,10,273,99,239,11,0,1,1,0,1
19,12,611,172,362,140,4,1,1,0,1
15,15,150,10,74,1,0,0,1,0,1
10,7,2370,114,226,388,1,1,1,0,1
11,10,2659,1470,162,69,6,0,1,0,1
10,7,6765,147,283,1005,0,0,1,0,1
14,10,293,0,109,134,0,0,1,0,1
15,15,2959,94,189,4,3,0,1,0,1
14,10,24901,330,725,13006,2,1,1,1,1
15,14,20023,1812,1846,3807,2,0,1,1,1
14,13,1683,323,261,1,3,0,1,0,1
15,14,810,50,209,95,0,1,1,0,1
11,12,1028,44,81,19,3,0,1,1,1
15,9,19,7,31,42,0,1,1,0,1
5,10,433,52,233,36,0,0,1,0,1
9,9,1539,205,397,36,1,0,1,0,1
13,15,2338,259,824,383,0,1,1,0,1
16,7,939,114,162,980,1,1,1,0,1
14,15,3608,121,203,40,0,1,1,1,1
16,9,463,56,217,4,0,0,1,0,1
15,14,4447,160,167,3411,1,1,1,0,1
13,13,279,96,1027,4,0,1,1,0,1
12,9,145,10,23,2,1,0,1,0,1
14,14,59,13,59,0,0,0,1,0,1
17,15,895,129,396,222,0,0,1,1,1
15,14,174,34,109,1,0,0,1,0,1
9,14,741,295,499,130,0,1,1,0,1
14,10,1581,98,1441,540,0,0,1,1,1
14,14,2782,66,358,37,0,1,1,0,1
14,9,16343,1503,1998,2793,38,0,1,0,1
11,10,107,41,237,1,0,0,1,0,1
5,13,612,29,142,32,0,0,1,0,1
14,13,352,17,244,0,0,0,1,0,1
16,12,1022,227,271,755,1,1,1,0,1
11,10,333,21,45,72,0,0,1,0,1
19,9,13035,799,728,7127,5,0,1,0,1
13,12,5235,406,495,5739,4,0,1,1,1
13,10,249,898,1908,9,1,1,1,1,1
15,13,39,31,51,4,0,1,1,0,1
19,7,1293,299,435,66,2,0,1,0,1
7,13,433,39,72,2,2,0,1,0,1
3,10,4061,193,936,1634,0,0,1,1,1
20,10,85,3,22,4,0,1,1,0,1
10,10,1173,670,1340,63,1,0,1,0,1
5,8,3411,112,121,628,0,0,1,0,1
18,12,456,43,210,6,0,1,1,0,1
11,7,166,100,138,1,0,0,1,0,1
17,7,942,126,602,71,2,1,1,1,1
17,15,563,100,378,0,0,0,1,0,1
13,12,1010,91,205,133,0,1,0,0,1
13,8,1322,144,227,37,2,1,1,0,1
17,8,3103,119,280,89,0,0,1,0,1
18,15,97,58,322,70,0,0,1,0,1
14,8,98,38,114,0,0,0,1,0,1
14,13,479,180,785,69,0,1,1,0,1
15,14,801,147,309,85,2,0,1,1,1
15,13,3046,67,94,5,2,1,1,0,1
10,7,175,29,102,5,0,1,1,0,1
19,8,655,32,62,54,0,1,1,0,1
11,11,1095,45,52,2,0,1,1,0,1
2,14,1014,345,230,1820,4,0,1,0,1
18,12,2471,195,659,71,0,0,1,0,1
13,11,3627,227,627,253,0,0,1,1,1
15,7,1544,61,160,731,0,1,1,0,1
14,9,1583,93,228,73,1,1,1,0,1
7,12,591,152,188,413,0,1,1,0,1
18,9,2168,93,360,757,0,1,1,0,1
16,12,1052,171,373,32,1,0,1,0,1
14,14,559,181,173,25,2,0,1,0,1
6,15,2943,123,148,83,0,0,1,0,1
17,8,5091,137,524,148,2,0,1,1,1
6,8,2735,88,70,1681,0,0,1,0,1
3,10,255,13,167,3,0,0,1,0,1
15,10,168,58,253,2,1,0,1,1,1
13,14,22,14,27,0,0,0,1,0,1
17,13,887,19,51,1,0,1,1,0,1
16,12,289,32,112,83,0,1,1,0,1
14,11,606,79,364,12,1,0,1,1,1
17,13,386,107,99,6,1,0,1,0,1
15,10,538,98,245,29,0,1,1,0,1
15,9,315,25,31,4,0,1,1,0,1
17,12,729,46,288,463,0,0,1,1,1
13,10,575,18,100,4,0,1,1,1,1
20,9,7902,281,599,13,6,1,1,1,1
14,7,575,8,43,99,0,0,1,0,1
7,9,1298,81,253,117,1,1,1,0,1
15,10,1402,150,179,244,1,0,1,0,1
13,9,80,39,63,5,0,1,1,0,1
12,11,4359,145,269,646,0,0,1,0,1
4,12,80,22,69,21,0,0,1,1,1
16,9,1148,92,540,470,0,1,1,0,1
17,15,1464,269,992,769,0,0,1,0,1
15,9,665,76,274,907,1,0,1,0,1
15,9,1669,74,166,60,1,0,1,1,1
16,10,162,76,179,58,0,0,1,0,1
14,14,322,72,200,0,0,0,1,1,1
12,12,100,35,76,3,0,0,1,0,1
7,15,919,15,90,3,0,0,1,1,1
14,14,8382,1000,1842,1562,6,0,1,1,1
17,11,169,13,41,3,0,0,1,0,1
8,14,863,243,904,5,1,0,0,0,1
16,15,83,58,207,20,0,0,1,0,1
7,15,958,277,403,10,1,0,1,1,1
3,9,7739,541,276,154,1,0,1,1,1
14,14,1387,55,129,56,1,0,1,1,1
16,12,500,35,105,2,0,0,1,1,1
15,14,229,32,145,6,0,0,1,0,1
13,12,7,11,49,0,0,0,1,0,1
6,9,1788,28,97,340,0,1,1,0,1
11,14,429,21,118,8,0,0,1,1,1
10,10,14,2,6,0,0,0,1,0,1
13,12,468,5,12,1,0,1,1,0,1
14,13,155,45,173,10,0,0,1,0,1
14,13,4904,734,808,29,0,1,1,1,1
6,8,3340,120,301,5,2,0,1,1,1
17,15,5436,150,95,4167,2,0,1,1,1
16,11,211,84,402,15,0,0,1,0,1
17,15,2538,199,188,473,0,0,1,0,1
16,11,768,63,187,261,0,1,1,1,1
8,11,968,125,235,325,1,1,1,0,1
7,11,456,23,55,0,0,0,1,0,1
17,13,9,67,555,2,1,1,1,0,1
15,7,152,3,18,0,0,1,1,1,1
6,9,1343,41,45,5,0,0,1,0,1
14,13,1048,314,659,139,1,1,1,0,1
18,15,713,43,77,0,0,1,1,0,1
17,8,16,31,207,1,0,0,1,0,1
16,8,1041,115,206,52,0,0,1,0,1
13,12,20686,1859,1856,1697,1,1,1,0,1
10,9,4178,169,322,780,0,1,1,1,1
6,6,1277,300,1019,0,1,0,1,0,1
14,13,573,46,109,9,0,0,1,0,1
14,14,90,10,22,0,0,0,1,0,1
16,7,102,25,160,0,0,1,1,1,1
19,11,3280,651,912,1712,4,0,1,1,1
14,13,190,12,41,12,0,1,1,0,1
14,13,147,22,38,1,0,1,1,0,1
15,15,5109,246,408,469,0,0,1,0,1
14,14,561,423,391,302,2,0,1,0,1
5,8,140,6,104,1,0,0,1,0,1
14,8,6948,2059,371,492,42,1,1,1,1
6,14,726,237,816,144,1,1,1,0,1
13,10,2228,48,164,1,1,1,1,0,1
11,9,186,40,152,0,0,1,1,0,1
12,12,3209,1193,1987,12,8,0,1,0,1
17,15,489,276,448,216,0,0,1,1,1
14,7,989,34,105,1,1,0,1,0,1
10,10,140,198,171,12,3,1,1,1,1
12,11,6720,287,671,1597,0,1,1,1,1
13,13,325,139,235,185,1,0,1,0,1
7,12,9282,646,646,811,4,0,1,0,1
14,9,68,31,95,44,0,0,1,1,1
17,12,709,248,707,12,2,1,1,0,1
12,14,6469,437,606,2913,3,0,1,1,1
15,7,1223,70,161,0,0,0,1,1,1
8,10,6181,93,161,353,0,0,1,0,1
11,15,42,1,69,0,0,0,1,0,1
17,12,133,37,108,28,0,0,1,0,1
12,12,500,39,41,5,0,1,1,0,1
11,10,281,64,157,25,2,0,1,1,1
19,11,174,54,112,5,2,0,1,0,1
3,13,985,77,229,295,0,1,1,1,1
6,15,688,49,186,42,0,0,1,1,1
4,8,1088,117,295,12,0,1,1,0,1
17,8,364,32,110,16,0,1,1,0,1
19,12,465,24,150,133,0,0,1,0,1
17,12,1302,253,608,1,1,0,1,1,1
14,11,109,60,168,12,0,0,1,0,1
13,12,794,105,480,0,1,0,1,1,1
8,11,130,30,127,148,0,0,1,0,1
16,6,226,40,114,45,0,0,1,0,1
16,15,1923,1798,1876,37,5,0,1,0,1
16,10,579,21,18,2,0,0,1,0,1
5,13,7074,471,759,6102,4,0,1,0,1
12,11,409,74,122,0,0,1,1,1,1
11,11,877,99,715,15,0,0,1,0,1
15,14,1601,298,399,876,5,0,1,0,1
14,13,540,35,89,51,0,0,1,1,1
14,13,632,31,99,203,0,0,1,0,1
19,15,118,15,71,1,0,0,1,0,1
14,9,844,149,121,67,1,1,1,1,1
16,13,65,12,111,0,0,0,1,0,1
17,14,242,27,128,119,0,1,1,0,1
15,14,1912,34,194,8,0,1,1,1,1
11,14,14010,1192,1088,1965,14,0,1,1,1
13,13,98,22,119,2,0,0,1,0,1
11,9,340,64,94,6,0,1,1,0,1
16,15,30,28,88,0,0,0,1,0,1
18,13,83,34,133,5,0,0,1,0,1
13,15,705,1110,991,287,8,1,1,0,1
14,14,2179,481,745,287,3,1,1,0,1
18,8,1634,38,101,34,0,1,1,0,1
19,13,700,36,204,9,0,0,1,0,1
17,11,676,61,227,169,1,0,1,1,1
17,14,20,4,42,2,0,0,1,0,1
16,7,215,54,210,2,1,1,1,0,1
16,12,1958,142,203,1247,3,0,1,0,1
11,12,188,204,610,3,0,0,1,0,1
4,9,4170,1780,1697,483,24,0,1,0,1
13,10,1529,70,121,490,0,0,1,0,1
12,11,462,92,627,128,0,1,1,1,1
15,11,16776,410,516,2338,5,1,1,1,1
18,9,5339,253,181,3872,0,1,1,1,1
12,8,320,29,31,0,0,1,1,0,1
13,13,106,45,167,0,0,0,1,1,1
13,13,103,19,52,0,0,0,1,0,1
15,6,85,6,80,42,0,0,1,0,1
6,8,166,60,284,9,0,1,1,0,1
14,14,4855,893,2000,102,2,1,1,1,1
12,11,22,51,177,0,0,0,1,1,1
8,6,6573,271,280,1143,4,1,1,1,1
13,15,550,50,195,22,0,0,1,0,1
13,12,619,54,93,639,1,1,1,0,1
17,10,486,26,159,1,0,0,1,0,1
17,6,169,30,56,21,0,1,1,1,1
11,8,1127,93,172,42,1,1,1,0,1
8,11,5025,190,164,243,1,1,1,0,1
11,10,1726,92,97,707,0,1,1,1,1
13,12,1587,312,1200,2,1,1,1,0,1
12,11,37,20,142,4,0,1,1,0,1
11,9,419,21,116,22,0,0,1,0,1
17,8,360,44,102,1,0,0,1,0,1
18,10,778,50,67,6,0,1,1,1,1
16,15,1153,129,156,81,1,1,1,0,1
13,9,74,20,37,0,0,0,1,0,1
17,13,2551,180,637,187,1,0,1,1,1
16,7,1568,705,1249,489,1,0,1,0,1
13,14,919,82,371,264,0,1,1,0,1
10,9,3412,10116,246,198,0,1,1,0,1
18,10,325,175,149,2,4,1,1,0,1
10,9,9717,546,646,1543,2,0,1,0,1
9,9,1367,404,1015,2,4,0,1,1,1
16,10,682,39,124,12,0,0,1,0,1
12,12,2576,63,83,448,1,0,1,0,1
8,8,1288,241,663,94,1,1,1,0,1
12,11,73,7,18,1,0,0,1,0,1
10,15,4898,1498,1478,670,9,0,0,0,1
11,9,113,104,369,0,1,0,1,1,1
13,13,2492,490,567,17,2,1,1,0,1
14,14,2711,160,292,1128,0,0,1,1,1
13,8,1105,422,463,1015,3,0,1,0,1
17,8,228,23,85,258,0,0,1,0,1
15,14,106,3,10,0,0,0,1,0,1
13,12,56,62,414,1,0,1,1,0,1
10,12,6016,430,503,795,2,0,1,1,1
13,12,247,314,278,94,1,1,1,1,1
13,14,370,69,143,42,0,0,1,1,1
17,13,68,56,533,10,0,1,1,0,1
16,13,114,47,87,11,0,0,1,0,1
6,8,1396,50,341,5,0,0,1,0,1
15,11,154,19,120,17,0,1,1,0,1
14,12,5507,1945,195,1,39,0,1,0,1
16,15,4112,1113,1304,5155,2,0,1,1,1
17,10,120,24,83,16,0,1,1,0,1
10,9,421,104,187,20,0,0,1,0,1
14,14,116,52,201,4,0,0,1,1,1
14,8,389,164,522,169,0,1,1,1,1
13,11,1033,181,279,6,8,0,1,0,1
18,15,574,112,359,39,0,0,1,1,1
11,12,683,67,440,187,0,0,1,0,1
14,13,897,17,90,0,0,0,1,0,1
13,12,1219,80,169,52,1,0,1,0,1
14,14,87,195,335,11,1,0,1,1,1
16,10,862,127,266,405,0,1,1,1,1
6,13,1393,29,100,31,0,0,1,0,1
15,11,292,90,176,62,1,0,1,0,1
17,13,29,6,48,0,0,1,1,0,1
16,13,32109,1617,1993,6836,4,1,0,0,1
15,15,31,9,22,1,0,0,1,0,1
16,14,465,13,36,37,0,0,1,0,1
16,15,11258,285,512,3274,1,1,1,1,1
14,8,185,101,133,22,1,0,1,0,1
11,7,296,41,105,5,0,0,1,1,1
8,11,609,71,322,38,0,0,1,1,1
12,11,7122,564,705,169,5,1,1,0,1
17,11,2069,188,725,1095,0,1,1,1,1
12,11,1242,717,1092,370,2,0,1,0,1
15,11,790,69,220,75,0,1,1,0,1
15,14,1906,381,1428,30,0,0,1,0,1
13,12,165,132,50,26,0,0,1,1,1
13,13,171,50,266,100,0,0,1,0,1
15,15,178,48,157,6,0,1,1,0,1
13,13,503,546,1224,1,4,0,1,0,1
14,10,54,28,126,0,0,0,1,0,1
14,13,103,88,229,109,0,0,1,0,1
12,10,48,12,66,1,0,0,1,1,1
16,11,17,0,35,0,0,0,1,0,1
3,5,1651,16,55,5,0,0,1,1,1
5,15,6897,766,776,4131,3,1,1,1,1
13,12,967,78,142,130,0,1,1,0,1
18,14,812,466,911,169,1,0,1,1,1
20,10,1391,50,144,104,0,0,1,1,1
14,13,45,153,36,1,4,0,1,1,1
2,8,621,54,109,94,0,1,1,1,1
12,11,1112,87,222,63,0,0,1,1,1
13,14,1371,32,143,21,0,0,1,1,1
15,10,440,98,770,2,0,0,1,1,1
7,7,745,195,554,2,0,0,1,0,1
18,10,789,32,68,58,0,0,1,0,1
10,9,62,10,58,1,1,0,1,0,1
13,10,189,26,91,8,0,0,1,1,1
12,7,2227,158,628,331,0,1,1,0,1
14,13,1124,166,1440,91,0,1,1,0,1
12,11,323,67,319,0,1,0,1,0,1
9,10,2414,109,327,67,3,1,1,1,1
13,12,439,49,91,64,0,0,1,0,1
17,15,147,21,90,0,0,0,1,0,1
14,13,672,173,412,170,0,0,1,0,1
5,6,1680,110,190,851,2,0,1,0,1
11,10,45,15,84,0,0,0,1,1,1
20,9,18,8,80,0,0,1,1,0,1
15,14,4198,319,298,2720,1,1,1,1,1
15,14,51,33,96,1,0,1,1,0,1
14,12,21,12,106,0,0,1,1,0,1
12,11,4900,171,371,272,0,0,1,0,1
14,15,762,71,280,78,0,0,1,0,1
8,8,298,37,96,714,1,1,1,0,1
11,10,190,76,198,8,0,0,1,0,1
18,15,1138,65,115,2,1,0,1,0,1
18,13,1373,68,84,86,0,1,1,0,1
10,15,825,93,185,10,0,1,1,0,1
14,13,571,859,280,28,11,0,1,0,1
10,8,948,35,332,201,1,1,1,0,1
9,10,19396,915,638,234,11,1,1,0,1
14,11,882,147,296,46,5,1,1,0,1
19,9,376,86,161,0,1,1,1,0,1
10,12,7076,386,736,11277,1,1,1,0,1
16,9,1315,71,107,83,0,0,1,1,1
20,14,3203,694,886,375,0,0,1,1,1
12,12,276,47,188,19,1,0,1,1,1
6,10,18470,444,329,5848,8,0,1,1,1
15,14,106,230,174,49,0,1,1,0,1
5,9,121,175,1187,16,0,0,1,1,1
18,12,360,18,65,5,0,0,1,0,1
8,8,151,10,32,23,0,0,1,1,1
19,11,1473,108,250,7,2,1,1,0,1
14,14,209,30,301,6,0,1,1,0,1
8,11,343,76,171,290,0,0,1,0,1
7,14,243,117,106,26,0,0,1,0,1
12,12,260,28,200,61,0,1,1,0,1
17,10,10,8,35,0,0,0,1,0,1
11,8,1074,31,89,58,0,0,1,0,1
14,10,34,72,123,3,0,0,1,0,1
12,12,511,82,228,91,2,0,1,0,1
15,14,132,26,115,0,0,0,1,0,1
5,12,104,11,75,0,0,0,1,0,1
14,5,84,9,93,0,0,0,1,0,1
12,15,133,32,71,10,0,0,1,0,1
10,12,12046,208,267,1356,0,1,1,1,1
16,7,736,26,58,7,0,0,1,0,1
12,14,2065,473,1391,588,0,0,1,1,1
20,12,5036,178,901,1057,1,0,1,0,1
5,8,134,34,97,21,0,0,1,0,1
11,14,131,79,321,19,1,1,1,0,1
9,10,1693,52,154,34,0,0,1,1,1
9,15,1688,640,1448,23,1,0,1,1,1
14,12,172,17,50,1,0,0,1,0,1
13,13,1008,14,36,0,0,0,1,0,1
16,11,2236,133,272,953,0,1,1,0,1
17,7,101,139,962,41,0,1,1,0,1
8,6,42715,3335,3313,44349,31,0,1,0,1
13,14,44,2,32,0,0,0,1,0,1
18,11,693,101,299,20,0,0,1,1,1
6,6,650,18,106,74,0,1,1,1,1
17,7,95,14,123,3,0,0,1,0,1
6,15,78,57,207,3,0,1,1,1,1
15,15,4444,874,797,1,1,0,1,0,1
6,9,419,150,341,135,0,0,0,0,1
10,10,4759,151,237,4,2,1,1,0,1
11,10,11910,1068,880,7280,10,0,1,0,1
12,13,236,39,165,620,0,0,1,0,1
11,11,186,111,198,0,0,1,1,0,1
9,15,349,51,176,98,0,0,1,1,1
4,8,232,18,60,3,0,1,1,0,1
6,9,767,124,237,1,1,0,1,0,1
17,14,2768,5331,285,699,45,0,1,1,1
22,13,6752,177,205,97,0,1,1,0,1
7,8,2213,162,97,7,1,0,1,0,1
15,14,36,17,49,0,0,0,1,0,1
17,10,26,8,23,1,0,0,1,0,1
17,8,854,37,260,26,0,0,1,0,1
13,12,436,41,232,22,2,1,1,0,1
14,15,260,56,96,10,2,0,1,1,1
15,10,80,30,161,0,0,0,1,1,1
7,8,646,137,390,13,1,0,1,0,1
11,7,96,26,51,0,0,0,1,0,1
12,12,36,16,67,1,1,0,1,0,1
18,13,16,9,40,0,0,0,1,0,1
9,9,35,5,87,5,0,0,1,0,1
13,15,38,10,22,0,0,0,1,0,1
16,11,70,22,106,1,0,1,1,0,1
13,6,377,83,425,72,0,0,0,1,1
13,8,392,23,57,38,1,0,1,1,1
16,10,986,77,306,393,0,0,1,0,1
13,5,191,13,68,1,0,0,1,0,1
15,15,9,8,21,12,0,0,1,0,1
16,15,343,11,24,4,0,0,1,1,1
14,10,15,17,92,0,0,0,1,0,1
15,14,294,179,284,5,0,0,0,0,1
20,10,34,10,50,1,1,0,1,1,1
18,15,1102,189,164,3,1,0,1,0,1
15,9,96,37,135,29,0,0,1,1,1
5,9,242,10,63,36,0,0,1,0,1
20,11,293,57,53,2,2,0,1,0,1
20,12,244,18,40,112,0,0,1,1,1
4,9,2312,394,498,906,2,0,1,1,1
4,14,3439,474,446,4696,2,0,0,0,1
12,5,392,129,335,303,1,0,1,0,1
12,9,208,25,91,50,0,0,1,0,1
20,9,44,32,55,2,2,0,1,1,1
14,13,509,120,100,6,1,0,1,1,1
19,12,10,16,124,0,0,1,1,0,1
14,14,14,19,50,0,0,0,1,0,1
20,9,10,8,42,0,0,0,1,1,1
14,13,79,16,75,10,0,0,1,1,1
16,14,685,83,249,756,1,0,1,0,1
19,14,603,68,122,60,0,0,1,0,1
7,8,324,28,208,145,2,0,1,0,1
15,8,259,50,76,43,0,0,1,0,1
8,6,591,1061,1653,227,2,0,1,1,1
7,7,109,274,253,2,13,0,0,0,1
7,13,53,8,91,37,0,1,1,0,1
19,9,4728,625,580,27,25,0,1,0,1
7,12,1585,963,561,1823,0,1,1,1,1
7,10,25661,1245,1242,12720,23,1,1,1,1
21,11,6514,1289,885,443,14,0,1,0,1
19,15,15795,6403,5835,10365,28,0,1,1,1
17,9,12826,5109,63,1890,54,1,1,0,1
15,7,1365,258,342,3,8,0,1,1,1
11,11,49836,1382,1006,387,11,1,1,1,1
18,10,19172,4573,831,4845,77,1,1,1,1
11,11,194,46,107,6,2,1,1,0,1
20,10,5385,308,310,97,6,0,1,0,1
16,12,138,105,48,4,2,1,1,1,1
12,12,8910,111437,4071,2214,54,1,1,0,1
20,10,78338,2800,2406,27726,48,0,1,1,1
15,6,428,61,78,8,6,0,1,0,1
12,11,1166,354,279,40,2,0,1,0,1
9,9,17986,2404,305,9695,35,0,1,1,1
17,6,18600,1533,996,4875,17,0,1,0,1
12,8,1135,53,77,177,0,0,1,1,1
7,15,473,3951,4120,500,12,0,1,0,1
14,15,532,212,242,0,0,0,1,1,1
19,8,140,27,51,1,0,0,1,0,1
12,11,2423,842,38,0,49,0,1,1,1
13,8,12197,415,382,116,21,1,1,1,1
5,8,4375,521,487,27,2,1,1,0,1
15,12,36911,202,133,268,8,0,1,0,1
9,7,3329,232,182,261,3,0,1,0,1
13,12,70,11,16,0,1,1,1,0,1
17,5,1901,61,173,42,1,1,1,0,1
14,14,14835,373,874,451,1,1,1,1,1
12,12,10954,314,148,149,8,1,1,0,1
9,7,2146,76,156,39,1,1,1,0,1
12,11,4166,280,536,632,15,1,1,0,1
1,11,27096,1057,280,33,13,1,0,0,1
14,7,4625,121,256,129,1,0,1,1,1
12,11,10043,362,233,56,4,1,1,1,1
18,8,22534,715,792,141,2,1,1,1,1
17,15,951,47,123,38,1,1,1,0,1
11,7,3847,183,132,2345,0,0,1,1,1
7,9,22257,495,413,113,1,1,1,0,1
4,15,115,16,67,2,0,1,1,0,1
12,13,1291,310,341,15,0,0,0,0,1
19,9,266,21,50,32,0,1,1,0,1
6,13,1502,344,428,110,0,0,1,0,1
15,12,7654,154,198,1079,2,0,1,0,1
13,9,3074,445,618,501,11,0,1,1,1
14,15,23,6,30,4,0,0,1,1,1
20,12,5285,170,256,625,1,1,1,0,1
14,13,309,280,149,31,7,1,1,0,1
20,9,2481,165,175,762,8,1,1,0,1
16,8,1346,174,69,3,10,1,1,0,1
12,8,3190,105,42,354,0,1,1,0,1
9,7,4042,130,154,827,1,0,1,1,1
5,14,392,54,72,3,1,0,1,0,1
9,11,18611,295,49,1947,0,1,1,0,1
16,15,367,40,202,0,0,1,1,1,1
16,11,457,70,92,26,0,1,1,0,1
15,8,8613,473,373,671,7,0,1,0,1
17,9,2740,107,258,39,7,1,1,0,1
14,12,42,293,1527,0,6,0,1,0,1
10,10,42290,2194,1558,177,100,0,1,0,1
19,13,849,90,135,2,0,1,1,0,1
15,9,299,82,174,191,2,1,1,1,1
13,12,114,17,36,7,0,1,1,0,1
10,8,5035,153,221,55,4,0,1,0,1
12,11,664,51,38,38,0,1,1,0,1
9,11,865,371,300,236,0,0,1,1,1
20,15,524,42,40,0,0,0,1,0,1
9,15,492,57,83,470,0,1,1,0,1
16,11,160,13,23,0,0,1,1,0,1
18,13,4681,1206,1650,2235,1,1,1,1,1
13,11,25,15,44,7,0,0,1,0,1
8,11,27327,973,530,7862,3,1,1,1,1
4,12,42,18,18,6,0,0,1,0,1
16,8,1487,94,107,332,1,0,1,0,1
14,11,285,95,200,80,1,1,1,1,1
13,12,34,24,63,4,0,0,1,0,1
9,8,9139,1361,142,3906,10,0,1,0,1
5,8,69,37,66,31,0,1,1,1,1
17,15,423,2,20,0,0,0,1,0,1
16,15,597,4,20,0,0,0,1,0,1
13,9,59,21,19,13,0,0,1,0,1
11,11,17,6,11,0,0,0,1,0,1
16,10,62,47,43,0,0,0,1,0,1
18,15,10,4,0,0,0,0,1,0,1
15,14,323,33,197,1,0,0,1,1,1
16,7,49,208,124,14,2,0,1,0,1
15,12,66,22,55,0,0,0,1,1,1
13,14,4,0,4,3,0,0,1,0,1
8,7,3,2,4,0,0,0,0,0,1
3,14,2568,351,341,318,2,1,1,0,1
12,12,24,4,588,16,0,0,1,0,0
8,11,656,57,693,597,0,0,1,0,0
6,7,1234,15,104,1150,0,1,1,1,0
15,9,573,14,227,530,0,0,1,0,0
18,10,675,18,519,653,0,0,1,0,0
15,10,1333,73,1998,1262,1,1,1,1,0
9,14,99,26,1548,80,0,0,1,0,0
15,12,553,63,1930,497,0,0,1,0,0
13,13,1576,8,501,1402,1,0,1,0,0
15,13,1378,48,1998,1108,0,0,1,0,0
12,11,1444,35,390,1283,0,0,1,1,0
6,11,1351,7,328,1273,1,0,1,0,0
15,10,43,17,641,0,0,0,1,0,0
15,11,50,20,630,0,0,0,1,0,0
17,14,68,22,602,0,0,0,1,0,0
12,15,60,14,592,0,0,0,1,0,0
16,10,52,27,620,0,0,0,1,0,0
14,7,67,32,639,0,0,0,1,0,0
13,12,44,21,614,0,0,0,1,0,0
17,9,66,23,650,0,0,0,1,0,0
13,11,56,20,643,0,0,0,1,0,0
13,10,65,23,641,0,0,0,1,0,0
14,12,79,20,779,0,0,0,1,0,0
10,9,59,16,622,0,0,0,1,0,0
16,10,64,15,649,0,0,0,1,0,0
13,10,81,29,756,0,0,0,1,0,0
12,12,62,25,600,0,0,0,1,0,0
13,9,70,22,621,0,0,0,1,0,0
13,7,52,19,735,0,0,0,1,0,0
13,10,69,25,625,0,0,0,1,0,0
11,12,57,20,621,0,0,0,1,0,0
17,14,45,12,638,0,0,0,1,0,0
13,9,57,16,631,0,0,0,1,0,0
13,9,66,29,623,0,0,0,1,0,0
15,10,56,19,686,0,0,0,1,0,0
11,13,59,24,619,0,0,0,1,0,0
13,11,58,23,603,0,0,0,1,0,0
13,14,57,27,602,0,0,0,1,0,0
14,15,55,21,614,0,0,0,1,0,0
11,8,59,16,599,0,0,0,1,0,0
13,9,63,20,663,0,0,0,1,0,0
14,9,62,24,598,0,0,0,1,0,0
14,11,54,16,637,0,0,0,1,0,0
11,9,56,17,684,0,0,0,1,0,0
12,15,42,21,609,0,0,0,1,0,0
13,10,78,28,732,0,0,0,1,0,0
12,9,62,16,630,0,0,0,1,0,0
13,12,59,17,654,0,0,0,1,0,0
10,8,54,18,638,0,0,0,1,0,0
13,13,63,27,652,0,0,0,1,0,0
15,11,48,23,599,0,0,0,1,0,0
15,10,69,20,652,0,0,0,1,0,0
14,8,61,22,609,0,0,0,1,0,0
16,11,81,23,807,0,0,0,1,0,0
14,10,64,24,638,0,0,0,1,0,0
15,14,63,26,593,0,0,0,1,0,0
13,13,62,22,671,0,0,0,1,0,0
12,14,57,29,673,0,0,0,1,0,0
11,8,63,20,630,0,0,0,1,0,0
12,14,66,20,722,0,0,0,1,0,0
15,9,61,17,610,0,0,0,1,0,0
10,9,70,24,655,0,0,0,1,0,0
14,15,60,12,572,0,0,0,1,0,0
15,12,70,27,669,0,0,0,1,0,0
14,13,65,20,610,0,0,0,1,0,0
14,12,62,42,651,0,0,0,1,0,0
10,10,83,27,801,0,0,0,1,0,0
14,7,54,31,599,0,0,0,1,0,0
12,8,158,30,1221,0,0,0,1,0,0
14,10,53,22,589,0,0,0,1,0,0
14,12,66,30,748,0,0,0,1,0,0
11,13,61,23,721,0,0,0,1,0,0
13,12,56,27,585,0,0,0,1,0,0
13,11,67,21,639,0,0,0,1,0,0
14,13,53,26,504,0,0,0,1,0,0
14,12,81,26,703,0,0,0,1,0,0
15,7,66,11,615,0,0,0,1,0,0
9,8,56,23,641,0,0,0,1,0,0
13,11,66,22,581,0,0,0,1,0,0
11,14,56,19,681,1,0,0,1,0,0
12,7,64,19,594,0,0,0,1,0,0
11,13,58,35,665,0,0,0,1,0,0
12,10,72,25,564,0,0,0,1,0,0
10,8,77,21,581,0,0,0,1,0,0
9,13,60,19,606,0,0,0,1,0,0
14,11,60,28,579,0,0,0,1,0,0
13,11,65,27,617,0,0,0,1,0,0
14,11,66,25,731,0,0,0,1,0,0
13,8,69,24,645,0,0,0,1,0,0
12,10,63,32,603,0,0,0,1,0,0
11,9,59,13,542,0,0,0,1,0,0
14,10,57,13,568,0,0,0,1,0,0
12,10,75,22,578,0,0,0,1,0,0
15,14,61,18,624,0,0,0,1,0,0
12,9,72,34,685,0,0,0,1,0,0
13,10,56,19,599,0,0,0,1,0,0
11,12,45,26,596,0,0,0,1,0,0
13,12,54,26,629,0,0,0,1,0,0
15,9,52,18,608,0,0,0,1,0,0
10,13,53,11,586,0,0,0,1,0,0
15,13,63,31,507,0,0,0,1,0,0
14,15,54,24,672,0,0,0,1,0,0
12,9,54,17,558,0,0,0,1,0,0
14,12,65,25,742,0,0,0,1,0,0
8,9,46,16,591,0,0,0,1,0,0
13,10,48,28,582,0,0,0,1,0,0
11,8,58,15,616,0,0,0,1,0,0
16,14,61,23,635,0,0,0,1,0,0
15,11,60,18,625,0,0,0,1,0,0
16,12,61,16,688,0,0,0,1,0,0
13,11,80,23,589,0,0,0,1,0,0
14,11,56,21,550,0,0,0,1,0,0
14,9,70,26,709,1,0,0,1,0,0
15,9,71,20,528,0,0,0,1,0,0
16,9,58,19,583,0,0,0,1,0,0
12,9,107,33,1002,0,0,0,1,0,0
16,12,68,30,560,0,0,0,1,0,0
17,9,54,24,592,0,0,0,1,0,0
15,9,37,23,559,0,0,0,1,0,0
13,10,53,22,622,0,0,0,1,0,0
11,15,67,24,678,0,0,0,1,0,0
13,14,46,24,589,0,0,0,1,0,0
13,12,60,27,566,0,0,0,1,0,0
11,8,58,26,559,0,0,0,1,0,0
9,13,48,20,590,0,0,0,1,0,0
16,12,65,23,590,0,0,0,1,0,0
12,13,56,22,541,0,0,0,1,0,0
13,10,55,27,617,0,0,0,1,0,0
15,12,75,21,592,0,0,0,1,0,0
11,9,50,23,556,0,0,0,1,0,0
14,15,51,12,503,0,0,0,1,0,0
16,12,45,22,509,0,0,0,1,0,0
12,10,45,27,702,0,0,0,1,0,0
14,12,78,25,752,0,0,0,1,0,0
12,15,55,34,574,0,0,0,1,0,0
10,12,39,24,526,0,0,0,1,0,0
14,11,65,26,550,0,0,0,1,0,0
17,12,44,20,562,0,0,0,1,0,0
13,7,60,23,577,0,0,0,1,0,0
14,10,55,28,611,0,0,0,1,0,0
12,9,65,25,639,0,0,0,1,0,0
13,10,47,16,552,0,0,0,1,0,0
11,7,67,23,684,0,0,0,1,0,0
11,8,69,27,698,0,0,0,1,0,0
12,11,59,20,618,0,0,0,1,0,0
12,9,41,15,558,0,0,0,1,0,0
10,14,56,20,734,0,0,0,1,0,0
16,11,44,22,572,0,0,0,1,0,0
11,7,72,21,721,0,0,0,1,0,0
17,13,52,25,527,0,0,0,1,0,0
13,9,59,24,656,0,0,0,1,0,0
12,9,70,22,639,0,0,0,1,0,0
14,15,57,27,565,0,0,0,1,0,0
15,11,55,22,511,0,0,0,1,0,0
13,11,57,21,579,0,0,0,1,0,0
13,6,51,25,623,0,0,0,1,0,0
12,11,65,23,640,0,0,0,1,0,0
14,12,56,26,496,0,0,0,1,0,0
12,9,63,21,654,0,0,0,1,0,0
13,11,47,17,609,0,0,0,1,0,0
16,11,60,25,561,0,0,0,1,0,0
13,9,68,18,606,0,0,0,1,0,0
11,12,64,24,721,0,0,0,1,0,0
13,14,69,26,587,0,0,0,1,0,0
16,12,61,27,782,0,0,0,1,0,0
12,14,96,38,827,0,0,0,1,0,0
17,13,50,19,506,0,0,0,1,0,0
16,14,67,27,703,0,0,0,1,0,0
13,15,67,19,624,0,0,0,1,0,0
9,11,56,26,611,0,0,0,1,0,0
14,10,54,18,551,0,0,0,1,0,0
13,10,46,22,575,0,0,0,1,0,0
13,11,46,15,542,0,0,0,1,0,0
12,8,66,27,653,0,0,0,1,0,0
16,10,38,16,515,0,0,0,1,0,0
10,9,42,12,535,0,0,0,1,0,0
12,11,64,25,626,0,0,0,1,0,0
15,10,66,22,637,0,0,0,1,0,0
11,11,69,24,712,0,0,0,1,0,0
15,10,55,15,543,0,0,0,1,0,0
15,8,56,27,511,0,0,0,1,0,0
12,9,54,23,470,0,0,0,1,0,0
14,8,57,20,636,0,0,0,1,0,0
12,10,59,24,582,0,0,0,1,0,0
10,11,62,20,537,0,0,0,1,0,0
12,10,59,15,563,0,0,0,1,0,0
15,12,52,23,548,0,0,0,1,0,0
13,11,44,7,442,0,0,0,1,0,0
13,10,52,18,519,0,0,0,1,0,0
12,11,62,17,610,0,0,0,1,0,0
15,10,55,19,527,0,0,0,1,0,0
12,15,69,20,600,0,0,0,1,0,0
10,8,71,16,672,0,0,0,1,0,0
12,15,48,23,543,0,0,0,1,0,0
11,9,48,22,500,0,0,0,1,0,0
10,14,53,18,524,0,0,0,1,0,0
13,7,57,19,593,0,0,0,1,0,0
14,12,47,18,515,0,0,0,1,0,0
10,11,67,30,579,0,0,0,1,0,0
17,15,67,24,736,0,0,0,1,0,0
11,9,47,27,534,0,0,0,1,0,0
15,11,39,21,523,0,0,0,1,0,0
13,7,60,21,555,0,0,0,1,0,0
12,10,52,21,527,0,0,0,1,0,0
13,14,51,24,544,0,0,0,1,0,0
13,15,53,17,452,0,0,0,1,0,0
10,8,65,17,607,0,0,0,1,0,0
16,10,43,21,535,0,0,0,1,0,0
10,10,48,22,568,0,0,0,1,0,0
12,15,43,17,523,0,0,0,1,0,0
15,11,61,20,537,0,0,0,1,0,0
11,9,53,20,518,0,0,0,1,0,0
15,9,46,16,529,0,0,0,1,0,0
12,8,42,21,534,0,0,0,1,0,0
13,15,45,25,513,0,0,0,1,0,0
10,11,52,15,543,0,0,0,1,0,0
14,10,63,20,572,0,0,0,1,0,0
16,14,51,25,508,0,0,0,1,0,0
12,8,52,28,540,0,0,0,1,0,0
13,10,56,25,527,0,0,0,1,0,0
13,11,53,19,566,0,0,0,1,0,0
14,13,64,19,556,0,0,0,1,0,0
13,9,40,22,527,0,0,0,1,0,0
13,7,58,20,524,0,0,0,1,0,0
12,7,48,27,536,0,0,0,1,0,0
16,9,57,18,513,0,0,0,1,0,0
13,10,45,23,529,0,0,0,1,0,0
12,15,56,11,554,0,0,0,1,0,0
15,13,39,15,546,0,0,0,1,0,0
10,13,53,22,544,0,0,0,1,0,0
16,11,63,22,575,0,0,0,1,0,0
13,9,52,19,495,0,0,0,1,0,0
15,13,40,20,548,0,0,0,1,0,0
14,11,39,22,595,0,0,0,1,0,0
14,11,57,22,623,0,0,0,1,0,0
13,15,60,15,540,0,0,0,1,0,0
10,11,47,23,520,0,0,0,1,0,0
13,8,61,37,726,0,0,0,1,0,0
11,14,57,23,528,0,0,0,1,0,0
10,11,56,24,507,0,0,0,1,0,0
9,11,42,15,512,0,0,0,1,0,0
16,9,51,22,547,0,0,0,1,0,0
13,10,47,18,503,0,0,0,1,0,0
15,11,40,22,468,0,0,0,1,0,0
14,10,61,17,520,3,0,0,1,0,0
10,12,64,23,603,0,0,0,1,0,0
14,10,58,24,706,0,0,0,1,0,0
12,13,54,23,512,0,0,0,1,0,0
15,11,41,18,538,0,0,0,1,0,0
17,11,54,13,504,0,0,0,1,0,0
8,8,46,17,506,0,0,0,1,0,0
16,14,49,16,559,0,0,0,1,0,0
9,11,52,31,583,0,0,0,1,0,0
14,15,44,21,557,0,0,0,1,0,0
14,11,58,26,648,0,0,0,1,0,0
13,8,62,23,549,0,0,0,1,0,0
15,11,45,20,515,0,0,0,1,0,0
10,12,51,20,518,0,0,0,1,0,0
17,13,58,21,551,0,0,0,1,0,0
15,10,44,26,501,0,0,0,1,0,0
12,9,55,15,498,0,0,0,1,0,0
13,9,40,20,511,0,0,0,1,0,0
13,14,44,25,593,0,0,0,1,0,0
17,11,49,28,506,0,0,0,1,0,0
12,15,51,18,535,0,0,0,1,0,0
15,9,67,27,616,0,0,0,1,0,0
11,8,44,19,547,0,0,0,1,0,0
11,9,42,26,532,0,0,0,1,0,0
15,13,52,15,565,0,0,0,1,0,0
14,9,55,25,526,0,0,0,1,0,0
13,12,43,33,651,0,0,0,1,0,0
15,9,52,18,508,0,0,0,1,0,0
11,8,62,16,561,0,0,0,1,0,0
14,10,37,16,445,0,0,0,1,0,0
11,14,50,13,547,0,0,0,1,0,0
13,15,46,35,519,0,0,0,1,0,0
16,14,44,19,404,0,0,0,1,0,0
11,8,56,24,483,0,0,0,1,0,0
11,13,48,19,427,0,0,0,1,0,0
13,14,39,14,432,0,0,0,1,0,0
13,10,44,31,628,0,0,0,1,0,0
11,12,69,18,627,0,0,0,1,0,0
13,10,60,28,625,0,0,0,1,0,0
12,8,49,22,581,0,0,0,1,0,0
11,8,65,19,617,0,0,0,1,0,0
11,9,67,15,593,0,0,0,1,0,0
10,7,0,0,0,0,0,0,1,0,0
14,8,59,28,615,0,0,0,1,0,0
14,10,64,22,624,0,0,0,1,0,0
15,10,54,27,773,0,0,0,1,0,0
15,12,65,26,619,0,0,0,1,0,0
16,13,63,21,782,0,0,0,1,0,0
12,11,65,17,650,0,0,0,1,0,0
12,8,65,23,838,0,0,0,1,0,0
14,12,52,16,573,0,0,0,1,0,0
14,12,71,23,666,0,0,0,1,0,0
12,9,70,23,603,0,0,0,1,0,0
16,11,60,23,738,0,0,0,1,0,0
16,12,62,20,730,0,0,0,1,0,0
16,12,58,20,593,0,0,0,1,0,0
11,9,64,15,601,0,0,0,1,0,0
11,10,56,18,614,0,0,0,1,0,0
11,13,114,26,1098,0,0,0,1,0,0
14,11,83,21,713,0,0,0,1,0,0
11,12,83,19,699,0,0,0,1,0,0
14,8,62,29,651,0,0,0,1,0,0
13,11,69,15,668,0,0,0,1,0,0
13,9,72,18,658,0,0,0,1,0,0
14,8,69,22,617,0,0,0,1,0,0
11,8,153,31,1152,0,0,0,1,0,0
11,7,51,22,672,0,0,0,1,0,0
18,11,43,15,573,0,0,0,1,0,0
18,12,58,26,639,0,0,0,1,0,0
11,14,64,23,621,0,0,0,1,0,0
7,7,51,23,584,0,0,0,1,0,0
11,10,115,27,962,0,0,0,1,0,0
17,10,64,28,708,0,0,0,1,0,0
17,13,94,32,1015,0,0,0,1,0,0
13,11,68,19,641,0,0,0,1,0,0
14,12,89,20,850,0,0,0,1,0,0
12,13,55,26,626,0,0,0,1,0,0
17,11,70,21,843,0,0,0,1,0,0
10,9,55,13,740,0,0,0,1,0,0
13,14,73,18,619,0,0,0,1,0,0
16,11,50,17,587,0,0,0,1,0,0
8,8,75,28,687,0,0,0,1,0,0
15,11,58,22,585,0,0,0,1,0,0
12,13,56,18,656,0,0,0,1,0,0
12,15,70,28,771,0,0,0,1,0,0
12,14,67,18,636,0,0,0,1,0,0
10,10,73,27,718,0,0,0,1,0,0
14,9,74,19,736,0,0,0,1,0,0
14,14,60,24,549,0,0,0,1,0,0
14,11,63,20,715,1,0,0,1,0,0
14,10,64,26,585,0,0,0,1,0,0
14,9,52,16,699,0,0,0,1,0,0
12,14,64,16,602,0,0,0,1,0,0
13,9,47,25,575,0,0,0,1,0,0
12,15,69,13,526,0,0,0,1,0,0
13,15,65,19,808,0,0,0,1,0,0
16,10,76,15,651,0,0,0,1,0,0
16,13,50,17,519,0,0,0,1,0,0
14,14,54,22,595,0,0,0,1,0,0
13,11,68,20,664,0,0,0,1,0,0
8,6,51,14,530,0,0,0,1,0,0
14,14,50,22,530,0,0,0,1,0,0
13,8,53,24,646,0,0,0,1,0,0
13,11,56,23,565,0,0,0,1,0,0
12,9,65,30,734,0,0,0,1,0,0
12,14,52,24,579,0,0,0,1,0,0
13,9,80,33,852,0,0,0,1,0,0
13,11,53,27,625,0,0,0,1,0,0
14,11,60,25,652,0,0,0,1,0,0
14,11,60,20,564,0,0,0,1,0,0
11,10,48,28,771,0,0,0,1,0,0
14,11,68,15,521,0,0,0,1,0,0
12,10,78,20,647,0,0,0,1,0,0
11,8,58,23,549,0,0,0,1,0,0
13,15,49,24,538,0,0,0,1,0,0
11,13,62,22,517,0,0,0,1,0,0
13,9,55,19,551,0,0,0,1,0,0
14,13,59,19,594,0,0,0,1,0,0
14,14,60,21,552,0,0,0,1,0,0
12,6,44,29,481,0,0,0,1,0,0
16,9,54,25,524,0,0,0,1,0,0
16,14,56,21,507,0,0,0,1,0,0
10,8,72,20,702,0,0,0,1,0,0
12,7,64,27,557,0,0,0,1,0,0
10,14,57,21,577,0,0,0,1,0,0
9,9,51,18,548,0,0,0,1,0,0
14,10,59,17,566,0,0,0,1,0,0
13,9,61,22,560,0,0,0,1,0,0
9,12,41,26,588,0,0,0,1,0,0
16,13,57,22,518,0,0,0,1,0,0
16,12,36,20,565,0,0,0,1,0,0
12,7,40,23,582,0,0,0,1,0,0
12,10,36,17,547,0,0,0,1,0,0
15,9,77,29,753,0,0,0,1,0,0
14,10,64,17,624,0,0,0,1,0,0
18,11,41,19,665,0,0,0,1,0,0
11,8,48,29,517,0,0,0,1,0,0
13,9,49,19,507,0,0,0,1,0,0
14,15,41,16,531,0,0,0,1,0,0
15,8,66,23,583,0,0,0,1,0,0
10,12,58,19,499,0,0,0,1,0,0
12,10,51,25,552,0,0,0,1,0,0
14,11,56,24,584,0,0,0,1,0,0
14,10,62,14,562,0,0,0,1,0,0
11,15,53,15,578,0,0,0,1,0,0
8,12,50,25,489,0,0,0,1,0,0
16,11,48,18,500,0,0,0,1,0,0
13,7,39,16,451,0,0,0,1,0,0
11,9,63,28,634,0,0,0,1,0,0
14,6,58,20,607,1,0,0,1,0,0
11,10,52,16,493,0,0,0,1,0,0
13,12,62,22,505,0,0,0,1,0,0
12,10,58,15,475,0,0,0,1,0,0
10,14,61,25,619,0,0,0,1,0,0
13,10,46,20,534,0,0,0,1,0,0
13,11,48,22,541,0,1,0,1,0,0
16,11,55,20,566,0,0,0,1,0,0
11,7,48,21,549,0,0,0,1,0,0
14,10,50,15,508,0,0,0,1,0,0
13,7,46,20,502,0,0,0,1,0,0
13,14,40,18,525,0,0,0,1,0,0
15,12,47,32,522,0,0,0,1,0,0
10,13,57,16,519,0,0,0,1,0,0
13,11,48,10,408,0,0,0,1,0,0
10,8,75,34,749,0,0,0,1,0,0
13,14,60,15,559,0,0,0,1,0,0
12,8,55,23,548,0,0,0,1,0,0
12,11,39,25,511,0,0,0,1,0,0
13,15,59,23,543,0,0,0,1,0,0
15,11,43,23,492,0,0,0,1,0,0
13,14,58,23,585,0,0,0,1,0,0
16,10,44,26,595,0,0,0,1,0,0
12,9,49,22,478,0,0,0,1,0,0
13,11,40,17,446,0,0,0,1,0,0
14,10,42,19,473,0,0,0,1,0,0
14,10,57,24,490,0,0,0,1,0,0
15,10,41,24,462,0,0,0,1,0,0
14,10,49,18,501,0,0,0,1,0,0
13,14,45,21,491,0,0,0,1,0,0
13,11,59,26,630,0,0,0,1,0,0
11,14,42,19,434,0,0,0,1,0,0
12,14,26,20,461,0,0,0,1,0,0
11,12,44,16,485,0,0,0,1,0,0
8,9,59,25,644,0,0,0,1,0,0
11,14,41,16,451,0,0,0,1,0,0
9,7,40,24,404,0,0,0,1,0,0
14,12,42,20,474,0,0,0,1,0,0
14,11,31,22,393,0,0,0,1,0,0
12,14,53,20,460,0,0,0,1,0,0
12,11,40,20,498,0,0,0,1,0,0
13,14,47,13,483,0,0,0,1,0,0
13,14,45,16,438,0,0,0,1,0,0
15,8,51,19,511,0,0,0,1,0,0
9,7,49,21,527,0,0,0,1,0,0
16,12,54,22,517,0,0,0,1,0,0
13,9,44,16,355,0,0,0,1,0,0
14,10,35,20,412,0,0,0,1,0,0
13,11,54,18,456,0,0,0,1,0,0
15,11,41,9,440,0,0,0,1,0,0
11,12,38,26,464,0,0,0,1,0,0
14,11,39,24,390,0,0,0,1,0,0
15,11,25,12,394,0,0,0,1,0,0
8,9,35,18,421,0,0,0,1,0,0
14,10,48,13,403,0,0,0,1,0,0
11,11,38,24,404,0,0,0,1,0,0
11,14,39,19,377,0,0,0,1,0,0
14,11,46,17,397,0,0,0,1,0,0
12,12,45,21,399,0,0,0,1,0,0
16,13,33,21,414,0,0,0,1,0,0
11,9,41,23,431,0,0,0,1,0,0
15,11,39,15,395,0,0,0,1,0,0
13,10,52,26,398,0,0,0,1,0,0
13,11,35,13,379,0,0,0,1,0,0
16,9,45,21,484,0,0,0,1,0,0
12,14,39,14,529,0,0,0,1,0,0
12,9,28,21,464,0,0,0,1,0,0
13,9,34,10,415,0,0,0,1,0,0
11,9,47,19,384,0,0,0,1,0,0
13,10,43,27,400,0,0,0,1,0,0
13,7,42,19,401,0,0,0,1,0,0
15,11,34,13,429,0,0,0,1,0,0
14,14,32,13,374,0,0,0,1,0,0
14,10,37,22,363,0,0,0,1,0,0
15,9,44,25,400,0,0,0,1,0,0
11,13,38,10,405,0,0,0,1,0,0
17,14,31,20,397,0,0,0,1,0,0
12,8,54,18,400,0,0,0,1,0,0
12,9,29,18,373,0,0,0,1,0,0
14,9,28,18,390,0,0,0,1,0,0
12,15,35,11,394,0,0,0,1,0,0
15,10,39,18,382,0,0,0,1,0,0
10,13,42,21,418,0,0,0,1,0,0
10,14,29,12,365,0,0,0,1,0,0
15,9,36,19,394,0,0,0,1,0,0
15,12,41,24,431,0,0,0,1,0,0
13,14,46,15,399,0,0,0,1,0,0
14,10,30,15,381,0,0,0,1,0,0
11,10,40,23,389,0,0,0,1,0,0
15,14,37,15,384,0,0,0,1,0,0
12,9,42,10,388,0,0,0,1,0,0
15,11,37,19,411,0,0,0,1,0,0
14,12,27,20,359,0,0,0,1,0,0
12,13,36,18,353,0,0,0,1,0,0
11,10,41,19,354,0,0,0,1,0,0
13,12,44,16,402,0,0,0,1,0,0
10,10,38,15,344,0,0,0,1,0,0
16,11,33,23,408,0,0,0,1,0,0
14,11,38,20,365,0,0,0,1,0,0
13,7,31,25,360,0,0,0,1,0,0
12,7,30,20,358,0,0,0,1,0,0
12,14,49,12,366,0,0,0,1,0,0
12,8,38,18,364,0,0,0,1,0,0
10,7,149,43,936,0,0,0,1,0,0
14,9,47,21,365,0,0,0,1,0,0
10,8,34,20,406,0,0,0,1,0,0
14,15,40,18,386,0,0,0,1,0,0
10,11,43,14,404,0,0,0,1,0,0
17,13,37,13,404,0,0,0,1,0,0
17,14,33,18,390,0,0,0,1,0,0
15,10,44,14,398,0,0,0,1,0,0
17,10,33,15,340,1,0,0,1,0,0
16,14,40,18,452,0,0,0,1,0,0
15,11,27,21,365,0,0,0,1,0,0
12,13,44,16,385,0,0,0,1,0,0
9,6,36,18,373,0,0,0,1,0,0
13,14,38,25,379,0,0,0,1,0,0
11,8,39,28,407,0,0,0,1,0,0
12,10,30,20,407,0,0,0,1,0,0
7,8,30,16,385,0,0,0,1,0,0
12,9,51,16,375,0,0,0,1,0,0
10,10,38,13,391,0,0,0,1,0,0
13,10,35,17,360,0,0,0,1,0,0
16,13,111,32,954,0,0,0,1,0,0
16,14,51,23,351,0,0,0,1,0,0
15,9,40,23,407,0,0,0,1,0,0
10,13,38,18,381,0,0,0,1,0,0
14,9,28,12,402,0,0,0,1,0,0
13,9,50,12,393,0,0,0,1,0,0
15,14,39,14,379,0,0,0,1,0,0
15,10,37,21,337,0,0,0,1,0,0
13,10,37,21,424,0,0,0,1,0,0
16,10,36,19,384,0,0,0,1,0,0
15,11,37,21,360,0,0,0,1,0,0
16,13,34,16,380,0,0,0,1,0,0
14,11,36,16,346,0,0,0,1,0,0
14,11,46,15,422,0,0,0,1,0,0
13,11,33,22,432,0,0,0,1,0,0
12,15,14,18,315,0,0,0,1,0,0
14,9,38,24,395,0,0,0,1,0,0
12,11,40,18,358,0,0,0,1,0,0
16,10,31,16,329,0,0,0,1,0,0
13,13,61,29,476,0,0,0,1,0,0
11,9,42,19,368,0,0,0,1,0,0
11,8,33,25,342,0,0,0,1,0,0
12,14,25,20,388,0,0,0,1,0,0
14,12,37,24,373,0,0,0,1,0,0
15,11,23,10,339,0,0,0,1,0,0
10,13,30,17,355,0,0,0,1,0,0
13,12,35,21,349,0,0,0,1,0,0
15,10,40,18,365,0,0,0,1,0,0
16,12,47,13,366,0,0,0,1,0,0
16,12,42,20,349,0,0,0,1,0,0
13,14,34,20,370,0,0,0,1,0,0
12,13,29,15,336,0,0,0,1,0,0
16,11,36,18,338,0,0,0,1,0,0
13,15,39,23,373,0,0,0,1,0,0
13,8,25,17,377,0,0,0,1,0,0
13,10,35,17,333,0,0,0,1,0,0
13,9,42,20,337,0,0,0,1,0,0
14,12,35,19,326,0,0,0,1,0,0
11,8,42,20,407,0,0,0,1,0,0
12,10,39,20,366,0,0,0,1,0,0
16,11,48,23,389,0,0,0,1,0,0
11,7,31,14,351,0,0,0,1,0,0
13,12,50,14,365,0,0,0,1,0,0
16,10,37,19,337,0,0,0,1,0,0
12,13,46,8,398,0,0,0,1,0,0
14,14,42,18,381,0,0,0,1,0,0
16,10,30,14,300,0,0,0,1,0,0
13,11,37,20,383,0,0,0,1,0,0
13,13,42,11,362,0,0,0,1,0,0
9,7,33,14,365,0,0,0,1,0,0
13,8,27,18,371,0,0,0,1,0,0
13,11,34,16,349,0,0,0,1,0,0
14,10,26,16,369,0,0,0,1,0,0
12,8,33,16,330,0,0,0,1,0,0
10,9,41,15,369,0,0,0,1,0,0
11,7,23,18,357,0,0,0,1,0,0
10,12,41,10,361,0,0,0,1,0,0
10,8,30,24,406,0,0,0,1,0,0
10,9,50,18,333,0,0,0,1,0,0
11,9,30,12,322,0,0,0,1,0,0
8,9,37,16,345,0,0,0,1,0,0
15,14,39,18,334,0,0,0,1,0,0
13,14,41,11,370,0,0,0,1,0,0
14,14,32,18,390,0,0,0,1,0,0
10,14,39,18,394,0,0,0,1,0,0
15,12,27,23,349,0,0,0,1,0,0
13,8,54,23,459,0,0,0,1,0,0
13,11,39,19,336,0,0,0,1,0,0
11,15,34,25,361,0,0,0,1,0,0
15,13,33,20,321,0,0,0,1,0,0
11,13,32,17,310,0,0,0,1,0,0
15,10,62,13,515,0,0,0,1,0,0
15,8,39,17,341,0,0,0,1,0,0
14,11,47,17,345,0,0,0,1,0,0
15,10,32,23,353,0,0,0,1,0,0
14,15,28,18,350,0,0,0,1,0,0
10,7,31,22,285,0,0,0,1,0,0
13,15,38,16,384,0,0,0,1,0,0
11,9,39,11,317,0,0,0,1,0,0
16,10,41,25,367,0,0,0,1,0,0
15,10,71,25,503,0,0,0,1,0,0
9,10,28,15,394,0,0,0,1,0,0
14,10,63,26,532,0,0,0,1,0,0
14,10,36,22,346,0,0,0,1,0,0
11,10,35,22,340,0,0,0,1,0,0
16,12,50,22,453,0,0,0,1,0,0
11,10,60,24,521,0,0,0,1,0,0
15,9,56,27,490,0,0,0,1,0,0
16,11,39,23,359,0,0,0,1,0,0
18,14,29,19,340,0,0,0,1,0,0
16,12,35,22,372,0,0,0,1,0,0
9,9,40,13,385,0,0,0,1,0,0
15,12,36,15,320,0,0,0,1,0,0
12,9,17,15,312,0,0,0,1,0,0
11,8,37,13,310,0,0,0,1,0,0
13,13,29,18,318,0,0,0,1,0,0
16,12,23,22,357,0,0,0,1,0,0
14,8,48,20,330,0,0,0,1,0,0
13,8,39,26,360,0,0,0,1,0,0
11,15,42,19,330,0,0,0,1,0,0
15,10,25,15,364,0,0,0,1,0,0
14,11,34,12,346,0,0,0,1,0,0
11,10,38,21,338,0,0,0,1,0,0
10,8,61,28,530,0,0,0,1,0,0
14,15,32,17,315,0,0,0,1,0,0
9,13,39,18,305,0,0,0,1,0,0
15,12,56,20,539,0,0,0,1,0,0
12,13,60,22,528,0,0,0,1,0,0
12,11,46,14,336,0,0,0,1,0,0
14,11,28,9,338,0,0,0,1,0,0
12,14,39,14,370,0,0,0,1,0,0
11,9,28,14,321,0,0,0,1,0,0
13,15,36,22,314,0,0,0,1,0,0
10,7,29,13,312,0,0,0,1,0,0
13,11,50,25,443,0,0,0,1,0,0
14,14,28,16,327,0,0,0,1,0,0
10,10,60,23,501,0,0,0,1,0,0
16,10,33,12,320,0,0,0,1,0,0
14,11,51,18,403,0,0,0,1,0,0
12,10,50,15,372,0,0,0,1,0,0
15,11,62,25,519,0,0,0,1,0,0
9,7,50,23,539,0,0,0,1,0,0
11,10,32,23,344,0,0,0,1,0,0
12,14,33,20,348,0,0,0,1,0,0
14,9,38,14,315,0,0,0,1,0,0
12,8,57,27,520,0,0,0,1,0,0
11,14,29,8,344,0,0,0,1,0,0
13,12,28,19,353,0,0,0,1,0,0
14,12,24,12,327,0,0,0,1,0,0
14,8,30,17,318,0,0,0,1,0,0
10,8,42,12,356,0,0,0,1,0,0
11,13,45,20,370,0,0,0,1,0,0
11,8,31,23,350,0,0,0,1,0,0
19,12,37,19,388,0,0,0,1,0,0
9,10,41,18,333,0,0,0,1,0,0
15,10,41,16,343,0,0,0,1,0,0
13,15,37,21,336,0,0,0,1,0,0
14,9,38,16,429,0,0,0,1,0,0
15,12,27,12,312,0,0,0,1,0,0
13,9,46,11,408,0,0,0,1,0,0
13,10,34,16,319,0,0,0,1,0,0
13,7,28,13,346,0,0,0,1,0,0
13,9,34,25,328,0,0,0,1,0,0
14,14,23,17,295,0,0,0,1,0,0
13,14,30,19,304,0,0,0,1,0,0
13,8,36,12,334,0,0,0,1,0,0
12,15,31,24,379,0,0,0,1,0,0
11,10,42,14,347,0,0,0,1,0,0
19,13,27,10,336,0,0,0,1,0,0
15,12,35,13,321,0,0,0,1,0,0
13,11,31,21,335,0,0,0,1,0,0
14,8,20,15,353,0,0,0,1,0,0
14,12,37,16,373,0,0,0,1,0,0
15,13,31,13,329,0,0,0,1,0,0
14,11,21,17,362,0,0,0,1,0,0
13,10,34,15,337,0,0,0,1,0,0
11,11,26,17,344,0,0,0,1,0,0
13,9,41,20,332,0,0,0,1,0,0
13,10,35,16,334,0,0,0,1,0,0
12,13,39,11,319,0,0,0,1,0,0
16,11,29,8,342,0,0,0,1,0,0
11,9,27,16,310,0,0,0,1,0,0
12,14,26,17,300,0,0,0,1,0,0
12,9,33,13,334,0,0,0,1,0,0
15,11,39,18,312,0,0,0,1,0,0
18,10,42,24,349,0,0,0,1,0,0
12,11,27,15,348,1,0,0,1,0,0
14,12,30,25,299,0,0,0,1,0,0
16,13,42,14,348,0,0,0,1,0,0
16,13,35,20,309,0,0,0,1,0,0
11,9,52,17,418,0,0,0,1,0,0
15,13,26,17,333,0,0,0,1,0,0
13,7,35,20,350,0,0,0,1,0,0
15,11,30,17,351,0,0,0,1,0,0
7,7,44,10,394,0,0,0,1,0,0
11,8,39,15,332,0,0,0,1,0,0
12,10,41,16,311,0,0,0,1,0,0
13,15,36,14,332,0,0,0,1,0,0
13,12,35,14,273,0,0,0,1,0,0
13,14,34,16,336,1,0,0,1,0,0
11,7,30,15,343,0,0,0,1,0,0
11,9,29,22,293,0,0,0,1,0,0
11,11,31,17,343,0,0,0,1,0,0
12,6,33,12,302,0,0,0,1,0,0
14,10,35,15,326,0,0,0,1,0,0
11,8,36,18,328,0,0,0,1,0,0
15,13,50,11,355,0,0,0,1,0,0
14,15,21,11,329,0,0,0,1,0,0
13,10,33,20,322,0,0,0,1,0,0
13,7,25,12,311,0,0,0,1,0,0
12,12,33,10,276,0,0,0,1,0,0
10,9,36,12,350,0,0,0,1,0,0
12,14,32,16,316,0,0,0,1,0,0
12,11,34,18,333,0,0,0,1,0,0
14,9,46,16,374,0,0,0,1,0,0
15,14,31,19,370,0,0,0,1,0,0
11,13,24,7,321,0,0,0,1,0,0
14,12,32,12,321,0,0,0,1,0,0
14,12,34,13,330,0,0,0,1,0,0
12,8,48,20,412,0,0,0,1,0,0
14,12,39,23,371,0,0,0,1,0,0
9,7,33,29,313,0,0,0,1,0,0
12,15,42,22,312,0,0,0,1,0,0
12,7,36,17,335,0,0,0,1,0,0
16,12,31,19,337,0,0,0,1,0,0
14,12,35,15,308,0,0,0,1,0,0
11,13,20,11,354,0,0,0,1,0,0
11,13,41,14,330,0,0,0,1,0,0
11,9,35,14,327,0,0,0,1,0,0
13,10,26,19,323,0,0,0,1,0,0
17,10,26,17,325,0,0,0,1,0,0
13,8,42,9,333,0,0,0,1,0,0
11,12,26,23,341,0,0,0,1,0,0
20,14,30,12,333,0,0,0,1,0,0
16,12,59,22,540,0,0,0,1,0,0
18,10,47,15,520,0,0,0,1,0,0
9,9,53,17,536,0,0,0,1,0,0
15,13,32,17,325,0,0,0,1,0,0
14,10,34,23,354,0,0,0,1,0,0
17,12,30,17,314,0,0,0,1,0,0
11,13,32,18,302,0,0,0,1,0,0
9,5,35,10,293,0,0,0,1,0,0
12,13,61,30,535,0,0,0,1,0,0
12,9,29,20,333,0,0,0,1,0,0
13,12,33,18,326,0,0,0,1,0,0
14,11,33,13,314,0,0,0,1,0,0
11,7,29,27,361,0,0,0,1,0,0
16,11,33,12,327,0,0,0,1,0,0
9,10,36,15,322,0,0,0,1,0,0
14,15,43,14,317,0,0,0,1,0,0
13,11,31,18,347,0,0,0,1,0,0
15,12,16,15,322,0,0,0,1,0,0
11,11,26,14,314,0,0,0,1,0,0
10,7,30,13,307,0,0,0,1,0,0
10,14,32,17,319,0,0,0,1,0,0
12,7,48,14,361,0,0,0,1,0,0
13,14,26,17,313,0,0,0,1,0,0
13,11,40,15,338,0,0,0,1,0,0
14,7,26,14,323,0,0,0,1,0,0
11,8,30,10,292,0,0,0,1,0,0
15,9,28,13,347,0,0,0,1,0,0
13,14,27,20,299,0,0,0,1,0,0
15,11,19,21,276,0,0,0,1,0,0
12,15,28,16,299,0,0,0,1,0,0
13,15,23,15,324,0,0,0,1,0,0
14,12,32,17,336,0,0,0,1,0,0
10,13,23,19,310,0,0,0,1,0,0
13,9,31,12,305,0,0,0,1,0,0
11,8,24,17,305,0,0,0,1,0,0
17,10,25,14,348,0,0,0,1,0,0
16,13,30,17,295,0,0,0,1,0,0
11,8,34,22,286,0,0,0,1,0,0
13,11,38,23,323,0,0,0,1,0,0
16,12,37,25,323,0,0,0,1,0,0
13,8,38,17,288,2,0,0,1,0,0
14,11,54,23,517,0,0,0,1,0,0
13,14,29,18,263,0,0,0,1,0,0
13,9,44,16,326,0,0,0,1,0,0
16,13,22,18,305,0,0,0,1,0,0
15,12,26,18,303,0,0,0,1,0,0
15,14,29,18,324,0,0,0,1,0,0
13,14,36,21,313,0,0,0,1,0,0
13,9,35,15,294,0,0,0,1,0,0
14,8,28,25,318,0,0,0,1,0,0
16,11,39,16,336,0,0,0,1,0,0
13,12,44,17,323,0,0,0,1,0,0
9,11,24,32,265,0,0,0,1,0,0
16,12,27,18,301,0,0,0,1,0,0
13,15,35,18,314,0,0,0,1,0,0
11,9,31,17,322,0,0,0,1,0,0
12,13,26,14,305,0,0,0,1,0,0
14,9,30,15,321,0,0,0,1,0,0
14,10,29,20,309,0,0,0,1,0,0
12,13,35,16,306,0,0,0,1,0,0
18,15,33,9,298,0,0,0,1,0,0
12,11,54,24,657,0,0,0,1,0,0
17,11,23,20,308,0,0,0,1,0,0
15,11,20,18,317,0,0,0,1,0,0
12,11,28,13,332,0,0,0,1,0,0
16,10,33,16,323,0,0,0,1,0,0
13,9,28,11,306,0,0,0,1,0,0
14,11,58,23,461,0,0,0,1,0,0
10,11,26,14,326,0,0,0,1,0,0
14,15,32,32,326,0,0,0,1,0,0
16,14,32,15,328,0,0,0,1,0,0
12,12,21,16,288,0,0,0,1,0,0
9,12,57,22,468,0,0,0,1,0,0
9,9,33,17,326,0,0,0,1,0,0
11,9,28,24,320,0,0,0,1,0,0
12,9,35,15,321,0,0,0,1,0,0
13,10,32,23,352,0,0,0,1,0,0
12,14,32,22,351,0,0,0,1,0,0
11,11,54,17,536,0,0,0,1,0,0
15,11,16,10,306,0,0,0,1,0,0
11,13,50,19,543,0,0,0,1,0,0
13,11,29,16,292,0,0,0,1,0,0
13,15,41,25,349,0,0,0,1,0,0
12,9,31,16,338,0,0,0,1,0,0
13,14,59,24,626,0,0,0,1,0,0
12,8,36,18,330,0,0,0,1,0,0
13,9,31,19,315,0,0,0,1,0,0
14,11,28,14,316,0,0,0,1,0,0
13,14,60,20,527,0,0,0,1,0,0
15,10,36,18,286,0,0,0,1,0,0
11,11,26,19,311,0,0,0,1,0,0
10,10,61,19,494,0,0,0,1,0,0
15,11,18,23,272,0,0,0,1,0,0
13,11,30,15,280,0,0,0,1,0,0
16,11,22,14,260,0,0,0,1,0,0
13,10,26,13,273,0,0,0,1,0,0
10,9,29,18,309,0,0,0,1,0,0
10,7,55,23,624,0,0,0,1,0,0
14,15,58,48,481,0,0,0,1,0,0
17,10,54,31,536,1,0,0,1,0,0
14,10,28,16,325,0,0,0,1,0,0
14,8,23,15,323,0,0,0,1,0,0
13,7,32,21,326,0,0,0,1,0,0
13,10,35,18,310,0,0,0,1,0,0
14,11,20,9,334,0,0,0,1,0,0
11,10,54,26,500,0,0,0,1,0,0
11,8,36,0,2,0,0,0,1,0,0
12,11,52,25,533,0,0,0,1,0,0
15,10,30,22,270,0,0,0,1,0,0
12,11,34,23,342,0,0,0,1,0,0
14,11,20,11,294,0,0,0,1,0,0
11,6,34,26,302,0,0,0,1,0,0
11,9,34,21,316,0,0,0,1,0,0
11,8,50,18,685,0,0,0,1,0,0
15,13,26,11,302,0,0,0,1,0,0
11,11,35,18,365,0,0,0,1,0,0
10,9,29,23,306,0,0,0,1,0,0
14,13,16,15,268,0,0,0,1,0,0
16,10,63,28,535,0,0,0,1,0,0
13,10,26,15,284,0,0,0,1,0,0
15,11,34,20,280,0,0,0,1,0,0
13,11,37,12,317,0,0,0,1,0,0
14,10,41,20,332,0,0,0,1,0,0
17,13,27,24,294,0,0,0,1,0,0
13,13,34,14,319,0,0,0,1,0,0
11,10,23,10,297,0,0,0,1,0,0
13,14,27,16,318,0,0,0,1,0,0
11,15,21,18,267,0,0,0,1,0,0
18,12,35,17,313,0,0,0,1,0,0
10,9,29,18,325,0,0,0,1,0,0
12,13,30,9,264,0,0,0,1,0,0
13,10,33,24,336,0,0,0,1,0,0
10,14,25,14,302,0,0,0,1,0,0
13,9,31,13,327,0,0,0,1,0,0
10,9,37,23,310,0,0,0,1,0,0
14,13,32,17,308,0,0,0,1,0,0
13,9,33,11,345,0,0,0,1,0,0
15,12,33,18,266,0,0,0,1,0,0
11,13,34,16,275,0,0,0,1,0,0
11,9,25,20,313,0,0,0,1,0,0
15,13,38,13,320,0,0,0,1,0,0
10,13,22,17,262,0,0,0,1,0,0
10,7,20,17,304,0,0,0,1,0,0
14,10,23,12,269,0,0,0,1,0,0
12,15,47,16,328,0,0,0,1,0,0
12,8,19,16,289,0,0,0,1,0,0
14,8,67,22,668,5,0,0,1,0,0
14,10,25,18,308,0,0,0,1,0,0
13,15,37,20,326,0,0,0,1,0,0
11,10,31,16,315,0,0,0,1,0,0
14,9,32,14,293,0,0,0,1,0,0
13,10,32,20,287,0,0,0,1,0,0
13,10,54,21,514,0,0,0,1,0,0
11,9,26,13,282,0,0,0,1,0,0
11,9,25,15,274,0,0,0,1,0,0
14,12,31,14,307,0,0,0,1,0,0
17,12,28,18,297,0,0,0,1,0,0
14,10,28,25,269,0,0,0,1,0,0
13,11,21,17,303,0,0,0,1,0,0
11,14,20,15,319,0,0,0,1,0,0
17,11,24,12,272,0,0,0,1,0,0
9,11,23,18,284,0,0,0,1,0,0
13,11,20,18,277,0,0,0,1,0,0
16,12,26,15,308,0,0,0,1,0,0
12,13,30,20,313,0,0,0,1,0,0
12,15,31,19,267,0,0,0,1,0,0
12,8,23,19,319,0,0,0,1,0,0
11,5,33,13,341,0,0,0,1,0,0
18,8,29,19,228,0,0,0,1,0,0
12,12,32,21,289,0,0,0,1,0,0
13,10,17,21,284,0,0,0,1,0,0
14,9,31,15,317,0,0,0,1,0,0
16,13,23,16,299,0,0,0,1,0,0
12,9,30,16,293,0,0,0,1,0,0
16,12,29,19,298,0,0,0,1,0,0
9,8,27,14,289,0,0,0,1,0,0
14,11,23,23,288,0,0,0,1,0,0
11,15,26,19,280,0,0,0,1,0,0
12,13,34,10,281,0,0,0,1,0,0
9,12,22,12,314,0,0,0,1,0,0
13,10,35,21,255,0,0,0,1,0,0
13,8,23,17,295,0,0,0,1,0,0
11,15,33,10,266,0,0,0,1,0,0
13,14,40,16,305,0,0,0,1,0,0
11,8,35,12,307,0,0,0,1,0,0
15,13,23,14,263,0,0,0,1,0,0
9,5,27,14,285,0,0,0,1,0,0
13,8,26,16,302,0,0,0,1,0,0
16,12,32,17,267,0,0,0,1,0,0
17,10,25,18,267,0,0,0,1,0,0
14,11,28,22,279,0,0,0,1,0,0
11,9,29,15,270,0,0,0,1,0,0
17,10,24,18,267,0,0,0,1,0,0
14,14,24,15,301,0,0,0,1,0,0
11,9,32,15,276,0,0,0,1,0,0
13,12,31,8,259,0,0,0,1,0,0
9,8,29,6,245,0,0,0,1,0,0
12,8,28,20,288,0,0,0,1,0,0
13,13,39,16,277,0,0,0,1,0,0
12,14,26,13,262,0,0,0,1,0,0
11,13,24,12,307,0,0,0,1,0,0
11,15,20,16,303,0,0,0,1,0,0
14,11,26,12,278,0,0,0,1,0,0
12,11,31,18,270,0,0,0,1,0,0
11,6,25,24,270,0,0,0,1,0,0
15,14,26,12,288,0,0,0,1,0,0
12,8,29,16,262,0,0,0,1,0,0
11,7,29,7,241,0,0,0,1,0,0
13,8,29,23,307,0,0,0,1,0,0
17,12,20,12,272,0,0,0,1,0,0
12,15,27,19,272,0,0,0,1,0,0
14,11,30,16,273,0,0,0,1,0,0
13,13,24,17,288,0,0,0,1,0,0
14,12,24,22,260,0,0,0,1,0,0
16,14,25,11,280,0,0,0,1,0,0
14,10,27,16,299,0,0,0,1,0,0
13,9,22,21,279,0,0,0,1,0,0
17,10,23,17,287,0,0,0,1,0,0
10,12,24,17,316,0,0,0,1,0,0
16,11,34,15,274,0,0,0,1,0,0
15,13,29,17,283,0,0,0,1,0,0
10,9,31,20,295,0,0,0,1,0,0
14,10,27,18,320,2,0,0,1,0,0
11,13,16,13,294,0,0,0,1,0,0
11,7,17,23,263,0,0,0,1,0,0
11,8,31,15,316,0,0,0,1,0,0
15,8,28,16,288,0,0,0,1,0,0
18,13,31,12,290,0,0,0,1,0,0
8,10,35,16,302,0,0,0,1,0,0
14,12,29,19,313,0,0,0,1,0,0
17,13,22,22,274,0,0,0,1,0,0
12,10,27,18,272,0,0,0,1,0,0
8,9,17,20,276,0,0,0,1,0,0
14,10,36,18,301,0,0,0,1,0,0
9,6,23,16,314,0,0,0,1,0,0
16,11,29,22,278,0,0,0,1,0,0
13,15,25,15,289,0,0,0,1,0,0
12,9,28,16,331,0,0,0,1,0,0
13,15,29,11,293,0,0,0,1,0,0
14,8,36,14,303,1,0,0,1,0,0
16,10,32,12,308,0,0,0,1,0,0
10,14,31,13,287,0,0,0,1,0,0
13,8,44,12,298,0,0,0,1,0,0
13,10,27,11,307,0,0,0,1,0,0
11,9,24,10,306,0,0,0,1,0,0
14,15,24,13,283,0,0,0,1,0,0
13,9,63,16,637,0,0,0,1,0,0
15,10,20,11,282,0,0,0,1,0,0
10,14,55,17,569,0,0,0,1,0,0
10,14,32,14,285,0,0,0,1,0,0
10,14,31,20,288,0,0,0,1,0,0
13,9,67,27,681,0,0,0,1,0,0
11,9,30,18,264,0,0,0,1,0,0
13,10,20,11,289,0,0,0,1,0,0
9,6,60,21,635,0,0,0,1,0,0
15,12,30,16,308,0,0,0,1,0,0
12,14,24,22,280,0,0,0,1,0,0
12,14,61,21,649,0,0,0,1,0,0
11,8,27,12,283,0,0,0,1,0,0
14,10,24,18,271,0,0,0,1,0,0
12,13,56,30,614,0,0,0,1,0,0
15,12,20,21,277,0,0,0,1,0,0
17,13,32,9,287,0,0,0,1,0,0
14,11,27,15,294,0,0,0,1,0,0
9,10,57,25,577,0,0,0,1,0,0
16,10,27,20,289,0,0,0,1,0,0
11,14,38,20,332,0,0,0,1,0,0
9,11,25,22,266,0,0,0,1,0,0
14,12,22,18,244,0,0,0,1,0,0
14,11,26,21,259,0,0,0,1,0,0
15,12,37,18,549,0,0,0,1,0,0
15,11,28,15,270,0,0,0,1,0,0
12,9,29,13,273,0,0,0,1,0,0
14,8,32,8,291,0,0,0,1,0,0
8,8,28,12,295,0,0,0,1,0,0
11,10,26,16,280,0,0,0,1,0,0
13,9,33,21,291,0,0,0,1,0,0
12,11,30,25,262,0,0,0,1,0,0
12,11,20,13,256,0,0,0,1,0,0
12,10,25,18,319,0,0,0,1,0,0
11,9,35,18,286,0,0,0,1,0,0
16,12,29,17,281,0,0,0,1,0,0
15,7,17,20,282,0,0,0,1,0,0
16,11,25,25,250,0,0,0,1,0,0
14,15,26,17,278,0,0,0,1,0,0
12,8,38,14,283,0,0,0,1,0,0
12,8,30,17,276,0,0,0,1,0,0
13,9,28,14,249,0,0,0,1,0,0
11,6,20,15,296,0,0,0,1,0,0
11,14,24,17,273,0,0,0,1,0,0
11,11,28,13,282,0,0,0,1,0,0
13,15,32,9,308,0,0,0,1,0,0
12,15,28,14,281,0,0,0,1,0,0
16,10,29,18,280,0,0,0,1,0,0
11,13,26,10,237,0,0,0,1,0,0
14,11,28,16,266,0,0,0,1,0,0
12,12,27,16,255,0,0,0,1,0,0
17,13,23,21,253,0,0,0,1,0,0
11,9,25,13,326,0,0,0,1,0,0
15,11,29,19,303,0,0,0,1,0,0
12,15,26,21,269,0,0,0,1,0,0
12,10,25,19,302,0,0,0,1,0,0
14,9,24,12,294,0,0,0,1,0,0
13,10,38,11,262,0,0,0,1,0,0
13,9,20,19,257,0,0,0,1,0,0
15,12,35,21,270,0,0,0,1,0,0
11,8,30,18,247,0,0,0,1,0,0
11,14,22,22,258,0,0,0,1,0,0
11,12,30,11,258,0,0,0,1,0,0
10,11,28,13,276,0,0,0,1,0,0
13,14,18,18,276,0,0,0,1,0,0
14,13,25,21,274,0,0,0,1,0,0
11,11,26,16,278,0,0,0,1,0,0
15,12,27,17,311,0,0,0,1,0,0
14,10,24,26,276,0,0,0,1,0,0
14,11,32,16,264,0,0,0,1,0,0
15,8,25,17,270,0,0,0,1,0,0
15,11,28,14,249,0,0,0,1,0,0
15,12,25,15,267,0,0,0,1,0,0
13,10,25,14,269,0,0,0,1,0,0
11,14,29,14,284,0,0,0,1,0,0
13,15,26,9,299,0,0,0,1,0,0
10,7,27,25,306,0,0,0,1,0,0
12,13,26,15,274,0,0,0,1,0,0
14,12,22,13,251,0,0,0,1,0,0
12,13,35,13,275,0,0,0,1,0,0
15,13,19,13,263,0,0,0,1,0,0
13,14,22,13,260,0,0,0,1,0,0
13,9,28,13,247,0,0,0,1,0,0
15,10,33,22,319,0,0,0,1,0,0
11,7,37,21,294,0,0,0,1,0,0
12,9,29,13,306,0,0,0,1,0,0
18,13,38,12,236,0,0,0,1,0,0
13,13,24,20,250,0,0,0,1,0,0
14,10,23,10,263,0,0,0,1,0,0
11,14,29,14,280,0,0,0,1,0,0
12,15,37,20,290,0,0,0,1,0,0
11,12,31,15,261,0,0,0,1,0,0
15,10,24,12,245,0,0,0,1,0,0
12,13,24,9,264,0,0,0,1,0,0
14,8,32,14,296,0,0,0,1,0,0
12,9,25,20,263,0,0,0,1,0,0
13,15,27,14,285,0,0,0,1,0,0
16,11,20,19,243,0,0,0,1,0,0
12,15,20,21,267,0,0,0,1,0,0
14,12,20,14,254,0,0,0,1,0,0
13,9,36,13,290,0,0,0,1,0,0
15,13,28,15,285,0,0,0,1,0,0
12,9,24,17,233,0,0,0,1,0,0
13,11,29,13,280,0,0,0,1,0,0
14,15,24,15,235,0,0,0,1,0,0
10,12,18,12,255,0,0,0,1,0,0
11,13,37,42,404,0,0,0,1,0,0
14,11,33,18,264,0,0,0,1,0,0
12,8,20,17,244,0,0,0,1,0,0
15,8,29,12,239,0,0,0,1,0,0
15,13,29,15,297,0,0,0,1,0,0
14,11,20,12,254,0,0,0,1,0,0
13,15,26,23,279,0,0,0,1,0,0
14,8,31,18,250,0,0,0,1,0,0
12,8,23,18,233,0,0,0,1,0,0
14,11,40,23,272,0,0,0,1,0,0
11,13,29,11,245,0,0,0,1,0,0
16,10,27,22,275,0,0,0,1,0,0
7,9,29,14,248,0,0,0,1,0,0
13,10,37,16,297,0,0,0,1,0,0
15,11,23,21,254,0,0,0,1,0,0
13,11,26,11,230,0,0,0,1,0,0
11,8,30,15,264,0,0,0,1,0,0
9,12,38,22,302,0,0,0,1,0,0
13,14,28,20,239,0,0,0,1,0,0
11,9,26,21,281,0,0,0,1,0,0
12,13,27,13,275,0,0,0,1,0,0
13,10,32,16,251,0,0,0,1,0,0
11,14,30,13,274,0,0,0,1,0,0
9,12,31,20,259,0,0,0,1,0,0
15,12,29,18,291,0,0,0,1,0,0
13,10,56,25,522,0,0,0,1,0,0
12,13,36,15,252,0,0,0,1,0,0
15,12,13,21,273,0,0,0,1,0,0
13,11,22,11,253,0,0,0,1,0,0
19,13,26,12,307,0,0,0,1,0,0
13,9,30,22,303,0,0,0,1,0,0
17,12,34,20,280,0,0,0,1,0,0
15,12,28,17,281,0,0,0,1,0,0
14,12,30,14,265,0,0,0,1,0,0
13,14,17,20,259,0,0,0,1,0,0
14,13,30,15,271,0,0,0,1,0,0
10,9,29,11,275,0,0,0,1,0,0
17,13,53,13,299,0,0,0,1,0,0
11,6,35,16,294,0,0,0,1,0,0
15,9,36,16,290,0,0,0,1,0,0
18,13,35,12,301,0,0,0,1,0,0
13,11,26,13,238,0,0,0,1,0,0
15,11,32,12,286,0,0,0,1,0,0
10,6,29,17,252,0,0,0,1,0,0
13,9,34,12,260,0,0,0,1,0,0
12,7,40,16,284,0,0,0,1,0,0
14,10,28,25,272,0,0,0,1,0,0
9,9,26,17,278,0,0,0,1,0,0
11,8,27,7,296,0,0,0,1,0,0
12,13,37,20,300,0,0,0,1,0,0
11,12,32,23,284,0,0,0,1,0,0
11,9,61,42,435,0,0,0,1,0,0
9,13,32,17,300,0,0,0,1,0,0
9,9,19,13,275,0,0,0,1,0,0
13,10,24,10,259,0,0,0,1,0,0
15,13,37,12,290,0,0,0,1,0,0
13,9,22,12,252,0,0,0,1,0,0
11,8,14,10,237,0,0,0,1,0,0
10,12,34,13,237,0,0,0,1,0,0
10,10,22,15,216,0,0,0,1,0,0
16,10,34,14,251,0,0,0,1,0,0
11,9,21,14,251,0,0,0,1,0,0
11,13,22,11,241,0,0,0,1,0,0
9,11,29,7,221,0,0,0,1,0,0
13,15,35,12,242,0,0,0,1,0,0
11,12,30,11,272,0,0,0,1,0,0
16,12,33,9,237,0,0,0,1,0,0
13,10,22,7,263,0,0,0,1,0,0
10,8,31,12,201,0,0,0,1,0,0
11,7,26,17,215,0,0,0,1,0,0
17,10,31,8,233,0,0,0,1,0,0
11,13,28,19,224,0,0,0,1,0,0
10,12,32,15,256,0,0,0,1,0,0
16,11,28,8,240,0,0,0,1,0,0
14,9,20,11,207,0,0,0,1,0,0
11,6,30,12,224,0,0,0,1,0,0
15,13,14,5,190,0,0,0,1,0,0
15,12,28,7,205,0,0,0,1,0,0
12,11,19,14,265,0,0,0,1,0,0
15,10,29,9,197,0,0,0,1,0,0
14,11,24,16,268,0,0,0,1,0,0
16,13,22,11,244,0,0,0,1,0,0
14,9,24,14,204,0,0,0,1,0,0
12,8,31,11,242,0,0,0,1,0,0
14,9,26,18,219,0,0,0,1,0,0
13,9,26,11,218,0,0,0,1,0,0
14,15,37,16,227,0,0,0,1,0,0
10,7,26,8,232,0,0,0,1,0,0
12,9,24,16,214,0,0,0,1,0,0
11,9,19,12,228,0,0,0,1,0,0
10,10,25,8,203,0,0,0,1,0,0
14,9,35,13,221,0,0,0,1,0,0
13,11,18,7,201,0,0,0,1,0,0
14,10,25,8,210,0,0,0,1,0,0
13,9,17,6,204,0,0,0,1,0,0
10,9,27,14,202,0,0,0,1,0,0
13,13,34,11,228,0,0,0,1,0,0
11,9,23,12,210,0,0,0,1,0,0
13,7,19,16,216,0,0,0,1,0,0
10,14,25,8,222,0,0,0,1,0,0
14,12,28,9,224,0,0,0,1,0,0
14,8,23,12,214,0,0,0,1,0,0
9,11,27,8,219,0,0,0,1,0,0
14,7,30,11,228,0,0,0,1,0,0
16,11,20,14,201,0,0,0,1,0,0
11,15,21,15,236,0,0,0,1,0,0
17,12,32,11,253,0,0,0,1,0,0
16,14,21,12,211,0,0,0,1,0,0
11,12,27,13,204,0,0,0,1,0,0
12,11,21,7,210,0,0,0,1,0,0
14,14,26,11,203,0,0,0,1,0,0
14,15,2,0,37,0,0,0,1,0,0
10,12,1,0,34,0,0,0,1,0,0
11,13,4,1,23,0,0,0,1,0,0
10,12,3,0,35,0,0,0,1,0,0
11,13,3,1,22,0,0,0,1,0,0
15,15,3,2,44,0,0,0,1,0,0
13,15,4,1,32,0,0,0,1,0,0
11,13,3,1,33,0,0,0,1,0,0
12,14,2,1,30,0,0,0,1,0,0
13,15,3,2,29,0,0,0,1,0,0
16,15,4,0,37,0,0,0,1,0,0
13,15,3,2,42,0,0,0,1,0,0
10,12,3,2,24,0,0,0,1,0,0
15,15,2,2,26,0,0,0,1,0,0
12,14,3,1,22,0,0,0,1,0,0
17,15,2,0,36,0,0,0,1,0,0
15,15,2,0,40,0,0,0,1,0,0
14,15,3,3,46,0,0,0,1,0,0
13,15,0,0,32,0,0,0,1,0,0
16,15,1,1,33,0,0,0,1,0,0
12,14,3,1,27,0,0,0,1,0,0
12,14,1,1,32,0,0,0,1,0,0
12,14,2,0,21,0,0,0,1,0,0
20,15,4,2,43,0,0,0,1,0,0
16,15,2,1,24,0,0,0,1,0,0
12,14,3,1,42,0,0,0,1,0,0
15,15,2,0,39,0,0,0,1,0,0
11,13,4,4,36,0,0,0,1,0,0
15,15,3,0,37,0,0,0,1,0,0
11,13,3,1,39,0,0,0,1,0,0
15,15,4,3,31,0,0,0,1,0,0
16,15,2,2,38,0,0,0,1,0,0
12,14,2,0,31,0,0,0,1,0,0
13,15,5,0,31,0,0,0,1,0,0
12,14,3,3,32,0,0,0,1,0,0
11,13,3,1,42,0,0,0,1,0,0
17,15,4,0,17,0,0,0,1,0,0
14,15,4,0,41,0,0,0,1,0,0
15,15,2,2,24,0,0,0,1,0,0
11,13,3,1,44,0,0,0,1,0,0
12,14,1,2,21,0,0,0,1,0,0
14,15,3,2,48,0,0,0,1,0,0
15,15,3,0,48,0,0,0,1,0,0
14,15,2,0,38,0,0,0,1,0,0
15,15,5,1,36,0,0,0,1,0,0
11,13,3,0,32,0,0,0,1,0,0
12,14,1,0,11,0,0,0,1,0,0
9,11,1,1,32,0,0,0,1,0,0
15,15,3,3,54,0,0,0,1,0,0
15,15,3,1,22,0,0,0,1,0,0
11,13,2,0,31,0,0,0,1,0,0
15,15,5,0,41,0,0,0,1,0,0
14,15,3,0,29,0,0,0,1,0,0
12,14,4,0,40,0,0,0,1,0,0
17,15,2,0,31,0,0,0,1,0,0
9,11,4,0,36,0,0,0,1,0,0
9,11,2,2,29,0,0,0,1,0,0
12,14,1,1,32,0,0,0,1,0,0
14,15,3,1,34,0,0,0,1,0,0
16,15,4,1,45,0,0,0,1,0,0
13,15,3,0,21,0,0,0,1,0,0
14,15,2,1,36,0,0,0,1,0,0
10,12,1,4,25,0,0,0,1,0,0
12,14,3,0,39,0,0,0,1,0,0
17,15,1,1,24,0,0,0,1,0,0
9,11,1,2,22,0,0,0,1,0,0
19,15,3,0,42,0,0,0,1,0,0
15,15,2,0,28,0,0,0,1,0,0
14,15,4,0,33,0,0,0,1,0,0
14,15,2,1,38,0,0,0,1,0,0
12,14,2,3,36,0,0,0,1,0,0
17,15,0,1,21,0,0,0,1,0,0
12,14,2,0,29,0,0,0,1,0,0
15,15,2,0,33,0,0,0,1,0,0
16,15,2,1,36,0,0,0,1,0,0
12,14,2,6,45,0,0,0,1,0,0
13,15,3,3,33,0,0,0,1,0,0
11,13,3,1,38,0,0,0,1,0,0
12,14,4,1,24,0,0,0,1,0,0
14,13,3,0,30,0,0,0,1,0,0
13,13,1,1,25,0,0,0,1,0,0
10,9,1,1,20,0,0,0,1,0,0
16,15,3,1,23,0,0,0,1,0,0
16,15,0,1,24,0,0,0,1,0,0
13,12,4,1,24,0,0,0,1,0,0
13,14,3,0,34,0,0,0,1,0,0
10,9,1,1,23,0,0,0,1,0,0
13,13,1,2,26,0,0,0,1,0,0
20,15,4,0,25,0,0,0,1,0,0
13,12,2,3,24,0,0,0,1,0,0
14,14,6,2,26,0,0,0,1,0,0
14,14,3,1,34,0,0,0,1,0,0
11,11,3,1,22,0,0,0,1,0,0
12,15,2,0,25,0,0,0,1,0,0
17,15,0,1,34,0,0,0,1,0,0
15,14,3,0,24,0,0,0,1,0,0
13,12,4,0,28,0,0,0,1,0,0
16,15,1,1,21,0,0,0,1,0,0
16,15,2,1,22,0,0,0,1,0,0
14,13,1,0,25,0,0,0,1,0,0
11,10,3,0,24,0,0,0,1,0,0
13,12,2,1,26,0,0,0,1,0,0
15,15,3,1,28,0,0,0,1,0,0
15,15,2,1,18,0,0,0,1,0,0
11,11,3,0,31,0,0,0,1,0,0
13,12,1,1,9,0,0,0,1,0,0
12,12,4,0,28,0,0,0,1,0,0
11,11,2,1,17,0,0,0,1,0,0
11,11,4,1,27,0,0,0,1,0,0
13,13,3,0,19,0,0,0,1,0,0
11,11,3,1,20,0,0,0,1,0,0
12,12,1,1,19,0,0,0,1,0,0
13,13,6,0,19,0,0,0,1,0,0
12,12,1,0,16,0,0,0,1,0,0
16,15,0,0,17,0,0,0,1,0,0
14,14,2,1,21,0,0,0,1,0,0
18,15,0,0,20,0,0,0,1,0,0
11,10,2,1,8,0,0,0,1,0,0
19,15,3,0,15,0,0,0,1,0,0
12,13,1,0,17,0,0,0,1,0,0
12,12,3,0,16,0,0,0,1,0,0
16,15,1,2,19,0,0,0,1,0,0
16,15,2,2,15,0,0,0,1,0,0
9,8,1,1,17,0,0,0,1,0,0
13,12,1,2,20,0,0,0,1,0,0
12,12,2,0,15,0,0,0,1,0,0
16,15,2,1,20,0,0,0,1,0,0
13,12,2,1,14,0,0,0,1,0,0
14,14,1,0,18,0,0,0,1,0,0
10,9,1,2,15,0,0,0,1,0,0
13,12,2,2,15,0,0,0,1,0,0
16,15,2,1,18,0,0,0,1,0,0
13,13,3,1,22,0,0,0,1,0,0
14,15,2,0,18,0,0,0,1,0,0
15,14,2,0,22,0,0,0,1,0,0
15,15,2,0,24,0,0,0,1,0,0
13,13,1,1,12,0,0,0,1,0,0
13,13,1,1,21,0,0,0,1,0,0
14,14,2,1,19,0,0,0,1,0,0
11,11,1,0,17,0,0,0,1,0,0
15,15,0,1,17,0,0,0,1,0,0
12,12,2,0,15,0,0,0,1,0,0
15,15,2,0,16,0,0,0,1,0,0
15,15,0,0,17,0,0,0,1,0,0
